,SOFR,FED_REMUNERATION,SOFR_IORB_SPREAD_BPS,NFCI
2018-04-03,1.83,1.75,8.000000000000007,
2018-04-04,1.74,1.75,-1.0000000000000009,
2018-04-05,1.75,1.75,0.0,
2018-04-06,1.75,1.75,0.0,-0.501
2018-04-09,1.75,1.75,0.0,-0.501
2018-04-10,1.75,1.75,0.0,-0.501
2018-04-11,1.76,1.75,1.0000000000000009,-0.501
2018-04-12,1.73,1.75,-2.0000000000000018,-0.501
2018-04-13,1.72,1.75,-3.0000000000000027,-0.512
2018-04-16,1.77,1.75,2.0000000000000018,-0.512
2018-04-17,1.76,1.75,1.0000000000000009,-0.512
2018-04-18,1.75,1.75,0.0,-0.512
2018-04-19,1.73,1.75,-2.0000000000000018,-0.512
2018-04-20,1.72,1.75,-3.0000000000000027,-0.526
2018-04-23,1.7,1.75,-5.000000000000004,-0.526
2018-04-24,1.71,1.75,-4.0000000000000036,-0.526
2018-04-25,1.71,1.75,-4.0000000000000036,-0.526
2018-04-26,1.72,1.75,-3.0000000000000027,-0.526
2018-04-27,1.72,1.75,-3.0000000000000027,-0.539
2018-04-30,1.77,1.75,2.0000000000000018,-0.539
2018-05-01,1.76,1.75,1.0000000000000009,-0.539
2018-05-02,1.75,1.75,0.0,-0.539
2018-05-03,1.74,1.75,-1.0000000000000009,-0.539
2018-05-04,1.72,1.75,-3.0000000000000027,-0.552
2018-05-07,1.71,1.75,-4.0000000000000036,-0.552
2018-05-08,1.72,1.75,-3.0000000000000027,-0.552
2018-05-09,1.72,1.75,-3.0000000000000027,-0.552
2018-05-10,1.73,1.75,-2.0000000000000018,-0.552
2018-05-11,1.73,1.75,-2.0000000000000018,-0.561
2018-05-14,1.75,1.75,0.0,-0.561
2018-05-15,1.79,1.75,4.0000000000000036,-0.561
2018-05-16,1.75,1.75,0.0,-0.561
2018-05-17,1.74,1.75,-1.0000000000000009,-0.561
2018-05-18,1.73,1.75,-2.0000000000000018,-0.566
2018-05-21,1.69,1.75,-6.000000000000005,-0.566
2018-05-22,1.65,1.75,-10.000000000000009,-0.566
2018-05-23,1.67,1.75,-8.000000000000007,-0.566
2018-05-24,1.74,1.75,-1.0000000000000009,-0.566
2018-05-25,1.73,1.75,-2.0000000000000018,-0.567
2018-05-29,1.72,1.75,-3.0000000000000027,-0.567
2018-05-30,1.72,1.75,-3.0000000000000027,-0.567
2018-05-31,1.81,1.75,6.000000000000005,-0.567
2018-06-01,1.81,1.75,6.000000000000005,-0.562
2018-06-04,1.8,1.75,5.000000000000004,-0.562
2018-06-05,1.75,1.75,0.0,-0.562
2018-06-06,1.73,1.75,-2.0000000000000018,-0.562
2018-06-07,1.71,1.75,-4.0000000000000036,-0.562
2018-06-08,1.69,1.75,-6.000000000000005,-0.557
2018-06-11,1.69,1.75,-6.000000000000005,-0.557
2018-06-12,1.67,1.75,-8.000000000000007,-0.557
2018-06-13,1.71,1.75,-4.0000000000000036,-0.557
2018-06-14,1.9,1.95,-5.000000000000004,-0.557
2018-06-15,1.91,1.95,-4.0000000000000036,-0.551
2018-06-18,1.9,1.95,-5.000000000000004,-0.551
2018-06-19,1.88,1.95,-7.000000000000006,-0.551
2018-06-20,1.87,1.95,-7.999999999999985,-0.551
2018-06-21,1.87,1.95,-7.999999999999985,-0.551
2018-06-22,1.92,1.95,-3.0000000000000027,-0.545
2018-06-25,1.91,1.95,-4.0000000000000036,-0.545
2018-06-26,1.9,1.95,-5.000000000000004,-0.545
2018-06-27,1.9,1.95,-5.000000000000004,-0.545
2018-06-28,1.93,1.95,-2.0000000000000018,-0.545
2018-06-29,2.12,1.95,17.000000000000014,-0.543
2018-07-02,2.04,1.95,9.000000000000007,-0.543
2018-07-03,2.0,1.95,5.000000000000004,-0.543
2018-07-05,1.97,1.95,2.0000000000000018,-0.543
2018-07-06,1.93,1.95,-2.0000000000000018,-0.544
2018-07-09,1.89,1.95,-6.000000000000005,-0.544
2018-07-10,1.89,1.95,-6.000000000000005,-0.544
2018-07-11,1.89,1.95,-6.000000000000005,-0.544
2018-07-12,1.9,1.95,-5.000000000000004,-0.544
2018-07-13,1.9,1.95,-5.000000000000004,-0.549
2018-07-16,1.95,1.95,0.0,-0.549
2018-07-17,1.92,1.95,-3.0000000000000027,-0.549
2018-07-18,1.9,1.95,-5.000000000000004,-0.549
2018-07-19,1.9,1.95,-5.000000000000004,-0.549
2018-07-20,1.88,1.95,-7.000000000000006,-0.557
2018-07-23,1.87,1.95,-7.999999999999985,-0.557
2018-07-24,1.9,1.95,-5.000000000000004,-0.557
2018-07-25,1.87,1.95,-7.999999999999985,-0.557
2018-07-26,1.9,1.95,-5.000000000000004,-0.557
2018-07-27,1.88,1.95,-7.000000000000006,-0.566
2018-07-30,1.88,1.95,-7.000000000000006,-0.566
2018-07-31,1.93,1.95,-2.0000000000000018,-0.566
2018-08-01,1.88,1.95,-7.000000000000006,-0.566
2018-08-02,1.91,1.95,-4.0000000000000036,-0.566
2018-08-03,1.86,1.95,-8.999999999999986,-0.575
2018-08-06,1.86,1.95,-8.999999999999986,-0.575
2018-08-07,1.87,1.95,-7.999999999999985,-0.575
2018-08-08,1.88,1.95,-7.000000000000006,-0.575
2018-08-09,1.91,1.95,-4.0000000000000036,-0.575
2018-08-10,1.9,1.95,-5.000000000000004,-0.584
2018-08-13,1.91,1.95,-4.0000000000000036,-0.584
2018-08-14,1.93,1.95,-2.0000000000000018,-0.584
2018-08-15,1.98,1.95,3.0000000000000027,-0.584
2018-08-16,1.99,1.95,4.0000000000000036,-0.584
2018-08-17,1.9,1.95,-5.000000000000004,-0.591
2018-08-20,1.9,1.95,-5.000000000000004,-0.591
2018-08-21,1.9,1.95,-5.000000000000004,-0.591
2018-08-22,1.9,1.95,-5.000000000000004,-0.591
2018-08-23,1.94,1.95,-1.0000000000000009,-0.591
2018-08-24,1.95,1.95,0.0,-0.596
2018-08-27,1.95,1.95,0.0,-0.596
2018-08-28,1.95,1.95,0.0,-0.596
2018-08-29,1.93,1.95,-2.0000000000000018,-0.596
2018-08-30,1.93,1.95,-2.0000000000000018,-0.596
2018-08-31,1.97,1.95,2.0000000000000018,-0.6
2018-09-04,1.95,1.95,0.0,-0.6
2018-09-05,1.95,1.95,0.0,-0.6
2018-09-06,1.94,1.95,-1.0000000000000009,-0.6
2018-09-07,1.94,1.95,-1.0000000000000009,-0.602
2018-09-10,1.94,1.95,-1.0000000000000009,-0.602
2018-09-11,1.94,1.95,-1.0000000000000009,-0.602
2018-09-12,1.94,1.95,-1.0000000000000009,-0.602
2018-09-13,1.94,1.95,-1.0000000000000009,-0.602
2018-09-14,1.95,1.95,0.0,-0.603
2018-09-17,2.0,1.95,5.000000000000004,-0.603
2018-09-18,1.94,1.95,-1.0000000000000009,-0.603
2018-09-19,1.92,1.95,-3.0000000000000027,-0.603
2018-09-20,1.92,1.95,-3.0000000000000027,-0.603
2018-09-21,1.92,1.95,-3.0000000000000027,-0.6
2018-09-24,1.95,1.95,0.0,-0.6
2018-09-25,1.93,1.95,-2.0000000000000018,-0.6
2018-09-26,1.92,1.95,-3.0000000000000027,-0.6
2018-09-27,2.16,2.2,-4.0000000000000036,-0.6
2018-09-28,2.25,2.2,4.999999999999982,-0.596
2018-10-01,2.22,2.2,2.0000000000000018,-0.596
2018-10-02,2.2,2.2,0.0,-0.596
2018-10-03,2.2,2.2,0.0,-0.596
2018-10-04,2.18,2.2,-2.0000000000000018,-0.596
2018-10-05,2.16,2.2,-4.0000000000000036,-0.589
2018-10-09,2.15,2.2,-5.000000000000027,-0.589
2018-10-10,2.15,2.2,-5.000000000000027,-0.589
2018-10-11,2.17,2.2,-3.000000000000025,-0.589
2018-10-12,2.18,2.2,-2.0000000000000018,-0.58
2018-10-15,2.21,2.2,0.9999999999999787,-0.58
2018-10-16,2.18,2.2,-2.0000000000000018,-0.58
2018-10-17,2.18,2.2,-2.0000000000000018,-0.58
2018-10-18,2.19,2.2,-1.000000000000023,-0.58
2018-10-19,2.19,2.2,-1.000000000000023,-0.569
2018-10-22,2.18,2.2,-2.0000000000000018,-0.569
2018-10-23,2.17,2.2,-3.000000000000025,-0.569
2018-10-24,2.18,2.2,-2.0000000000000018,-0.569
2018-10-25,2.19,2.2,-1.000000000000023,-0.569
2018-10-26,2.19,2.2,-1.000000000000023,-0.555
2018-10-29,2.18,2.2,-2.0000000000000018,-0.555
2018-10-30,2.18,2.2,-2.0000000000000018,-0.555
2018-10-31,2.22,2.2,2.0000000000000018,-0.555
2018-11-01,2.22,2.2,2.0000000000000018,-0.555
2018-11-02,2.25,2.2,4.999999999999982,-0.54
2018-11-05,2.24,2.2,4.0000000000000036,-0.54
2018-11-06,2.22,2.2,2.0000000000000018,-0.54
2018-11-07,2.18,2.2,-2.0000000000000018,-0.54
2018-11-08,2.21,2.2,0.9999999999999787,-0.54
2018-11-09,2.2,2.2,0.0,-0.525
2018-11-13,2.2,2.2,0.0,-0.525
2018-11-14,2.2,2.2,0.0,-0.525
2018-11-15,2.28,2.2,7.999999999999963,-0.525
2018-11-16,2.26,2.2,5.999999999999961,-0.506
2018-11-19,2.24,2.2,4.0000000000000036,-0.506
2018-11-20,2.2,2.2,0.0,-0.506
2018-11-21,2.18,2.2,-2.0000000000000018,-0.506
2018-11-23,2.23,2.2,2.9999999999999805,-0.485
2018-11-26,2.2,2.2,0.0,-0.485
2018-11-27,2.19,2.2,-1.000000000000023,-0.485
2018-11-28,2.19,2.2,-1.000000000000023,-0.485
2018-11-29,2.24,2.2,4.0000000000000036,-0.485
2018-11-30,2.28,2.2,7.999999999999963,-0.466
2018-12-03,2.23,2.2,2.9999999999999805,-0.466
2018-12-04,2.27,2.2,6.999999999999984,-0.466
2018-12-06,2.34,2.2,13.999999999999968,-0.466
2018-12-07,2.3,2.2,9.999999999999964,-0.447
2018-12-10,2.22,2.2,2.0000000000000018,-0.447
2018-12-11,2.19,2.2,-1.000000000000023,-0.447
2018-12-12,2.2,2.2,0.0,-0.447
2018-12-13,2.21,2.2,0.9999999999999787,-0.447
2018-12-14,2.21,2.2,0.9999999999999787,-0.435
2018-12-17,2.31,2.2,10.999999999999988,-0.435
2018-12-18,2.32,2.2,11.999999999999966,-0.435
2018-12-19,2.3,2.2,9.999999999999964,-0.435
2018-12-20,2.41,2.4,1.000000000000023,-0.435
2018-12-21,2.4,2.4,0.0,-0.429
2018-12-24,2.41,2.4,1.000000000000023,-0.429
2018-12-26,2.44,2.4,4.0000000000000036,-0.429
2018-12-27,2.44,2.4,4.0000000000000036,-0.429
2018-12-28,2.46,2.4,6.000000000000005,-0.433
2018-12-31,3.0,2.4,60.00000000000001,-0.433
2019-01-02,3.15,2.4,75.0,-0.433
2019-01-03,2.7,2.4,30.00000000000003,-0.433
2019-01-04,2.45,2.4,5.000000000000027,-0.446
2019-01-07,2.41,2.4,1.000000000000023,-0.446
2019-01-08,2.42,2.4,2.0000000000000018,-0.446
2019-01-09,2.45,2.4,5.000000000000027,-0.446
2019-01-10,2.43,2.4,3.000000000000025,-0.446
2019-01-11,2.41,2.4,1.000000000000023,-0.466
2019-01-14,2.4,2.4,0.0,-0.466
2019-01-15,2.46,2.4,6.000000000000005,-0.466
2019-01-16,2.43,2.4,3.000000000000025,-0.466
2019-01-17,2.41,2.4,1.000000000000023,-0.466
2019-01-18,2.42,2.4,2.0000000000000018,-0.489
2019-01-22,2.41,2.4,1.000000000000023,-0.489
2019-01-23,2.4,2.4,0.0,-0.489
2019-01-24,2.41,2.4,1.000000000000023,-0.489
2019-01-25,2.4,2.4,0.0,-0.513
2019-01-28,2.39,2.4,-0.9999999999999787,-0.513
2019-01-29,2.4,2.4,0.0,-0.513
2019-01-30,2.39,2.4,-0.9999999999999787,-0.513
2019-01-31,2.58,2.4,18.000000000000014,-0.513
2019-02-01,2.47,2.4,7.000000000000028,-0.536
2019-02-04,2.4,2.4,0.0,-0.536
2019-02-05,2.4,2.4,0.0,-0.536
2019-02-06,2.38,2.4,-2.0000000000000018,-0.536
2019-02-07,2.38,2.4,-2.0000000000000018,-0.536
2019-02-08,2.37,2.4,-2.9999999999999805,-0.556
2019-02-11,2.4,2.4,0.0,-0.556
2019-02-12,2.39,2.4,-0.9999999999999787,-0.556
2019-02-13,2.38,2.4,-2.0000000000000018,-0.556
2019-02-14,2.39,2.4,-0.9999999999999787,-0.556
2019-02-15,2.43,2.4,3.000000000000025,-0.573
2019-02-19,2.4,2.4,0.0,-0.573
2019-02-20,2.39,2.4,-0.9999999999999787,-0.573
2019-02-21,2.39,2.4,-0.9999999999999787,-0.573
2019-02-22,2.4,2.4,0.0,-0.586
2019-02-25,2.38,2.4,-2.0000000000000018,-0.586
2019-02-26,2.38,2.4,-2.0000000000000018,-0.586
2019-02-27,2.37,2.4,-2.9999999999999805,-0.586
2019-02-28,2.58,2.4,18.000000000000014,-0.586
2019-03-01,2.38,2.4,-2.0000000000000018,-0.594
2019-03-04,2.38,2.4,-2.0000000000000018,-0.594
2019-03-05,2.38,2.4,-2.0000000000000018,-0.594
2019-03-06,2.38,2.4,-2.0000000000000018,-0.594
2019-03-07,2.38,2.4,-2.0000000000000018,-0.594
2019-03-08,2.39,2.4,-0.9999999999999787,-0.599
2019-03-11,2.38,2.4,-2.0000000000000018,-0.599
2019-03-12,2.39,2.4,-0.9999999999999787,-0.599
2019-03-13,2.4,2.4,0.0,-0.599
2019-03-14,2.42,2.4,2.0000000000000018,-0.599
2019-03-15,2.46,2.4,6.000000000000005,-0.603
2019-03-18,2.41,2.4,1.000000000000023,-0.603
2019-03-19,2.42,2.4,2.0000000000000018,-0.603
2019-03-20,2.47,2.4,7.000000000000028,-0.603
2019-03-21,2.44,2.4,4.0000000000000036,-0.603
2019-03-22,2.4,2.4,0.0,-0.607
2019-03-25,2.4,2.4,0.0,-0.607
2019-03-26,2.4,2.4,0.0,-0.607
2019-03-27,2.4,2.4,0.0,-0.607
2019-03-28,2.43,2.4,3.000000000000025,-0.607
2019-03-29,2.65,2.4,25.0,-0.61
2019-04-01,2.46,2.4,6.000000000000005,-0.61
2019-04-02,2.46,2.4,6.000000000000005,-0.61
2019-04-03,2.47,2.4,7.000000000000028,-0.61
2019-04-04,2.46,2.4,6.000000000000005,-0.61
2019-04-05,2.46,2.4,6.000000000000005,-0.614
2019-04-08,2.46,2.4,6.000000000000005,-0.614
2019-04-09,2.45,2.4,5.000000000000027,-0.614
2019-04-10,2.45,2.4,5.000000000000027,-0.614
2019-04-11,2.44,2.4,4.0000000000000036,-0.614
2019-04-12,2.44,2.4,4.0000000000000036,-0.617
2019-04-15,2.47,2.4,7.000000000000028,-0.617
2019-04-16,2.47,2.4,7.000000000000028,-0.617
2019-04-17,2.5,2.4,10.000000000000009,-0.617
2019-04-18,2.5,2.4,10.000000000000009,-0.617
2019-04-22,2.46,2.4,6.000000000000005,-0.617
2019-04-23,2.46,2.4,6.000000000000005,-0.617
2019-04-24,2.44,2.4,4.0000000000000036,-0.617
2019-04-25,2.45,2.4,5.000000000000027,-0.617
2019-04-26,2.46,2.4,6.000000000000005,-0.618
2019-04-29,2.48,2.4,8.000000000000007,-0.618
2019-04-30,2.76,2.4,35.999999999999986,-0.618
2019-05-01,2.54,2.4,14.000000000000012,-0.618
2019-05-02,2.5,2.35,14.999999999999991,-0.618
2019-05-03,2.43,2.35,8.000000000000007,-0.615
2019-05-06,2.42,2.35,6.999999999999984,-0.615
2019-05-07,2.44,2.35,8.999999999999986,-0.615
2019-05-08,2.43,2.35,8.000000000000007,-0.615
2019-05-09,2.41,2.35,6.000000000000005,-0.615
2019-05-10,2.4,2.35,4.999999999999982,-0.608
2019-05-13,2.38,2.35,2.9999999999999805,-0.608
2019-05-14,2.39,2.35,4.0000000000000036,-0.608
2019-05-15,2.48,2.35,12.99999999999999,-0.608
2019-05-16,2.43,2.35,8.000000000000007,-0.608
2019-05-17,2.42,2.35,6.999999999999984,-0.599
2019-05-20,2.39,2.35,4.0000000000000036,-0.599
2019-05-21,2.38,2.35,2.9999999999999805,-0.599
2019-05-22,2.37,2.35,2.0000000000000018,-0.599
2019-05-23,2.37,2.35,2.0000000000000018,-0.599
2019-05-24,2.37,2.35,2.0000000000000018,-0.591
2019-05-28,2.41,2.35,6.000000000000005,-0.591
2019-05-29,2.4,2.35,4.999999999999982,-0.591
2019-05-30,2.4,2.35,4.999999999999982,-0.591
2019-05-31,2.49,2.35,14.000000000000012,-0.583
2019-06-03,2.4,2.35,4.999999999999982,-0.583
2019-06-04,2.39,2.35,4.0000000000000036,-0.583
2019-06-05,2.4,2.35,4.999999999999982,-0.583
2019-06-06,2.4,2.35,4.999999999999982,-0.583
2019-06-07,2.39,2.35,4.0000000000000036,-0.578
2019-06-10,2.39,2.35,4.0000000000000036,-0.578
2019-06-11,2.38,2.35,2.9999999999999805,-0.578
2019-06-12,2.37,2.35,2.0000000000000018,-0.578
2019-06-13,2.35,2.35,0.0,-0.578
2019-06-14,2.35,2.35,0.0,-0.576
2019-06-17,2.41,2.35,6.000000000000005,-0.576
2019-06-18,2.39,2.35,4.0000000000000036,-0.576
2019-06-19,2.36,2.35,0.9999999999999787,-0.576
2019-06-20,2.36,2.35,0.9999999999999787,-0.576
2019-06-21,2.37,2.35,2.0000000000000018,-0.576
2019-06-24,2.39,2.35,4.0000000000000036,-0.576
2019-06-25,2.41,2.35,6.000000000000005,-0.576
2019-06-26,2.43,2.35,8.000000000000007,-0.576
2019-06-27,2.42,2.35,6.999999999999984,-0.576
2019-06-28,2.5,2.35,14.999999999999991,-0.578
2019-07-01,2.42,2.35,6.999999999999984,-0.578
2019-07-02,2.51,2.35,15.99999999999997,-0.578
2019-07-03,2.56,2.35,20.999999999999996,-0.578
2019-07-05,2.59,2.35,23.99999999999998,-0.582
2019-07-08,2.48,2.35,12.99999999999999,-0.582
2019-07-09,2.45,2.35,10.000000000000009,-0.582
2019-07-10,2.46,2.35,10.999999999999988,-0.582
2019-07-11,2.41,2.35,6.000000000000005,-0.582
2019-07-12,2.36,2.35,0.9999999999999787,-0.584
2019-07-15,2.46,2.35,10.999999999999988,-0.584
2019-07-16,2.47,2.35,12.00000000000001,-0.584
2019-07-17,2.47,2.35,12.00000000000001,-0.584
2019-07-18,2.46,2.35,10.999999999999988,-0.584
2019-07-19,2.41,2.35,6.000000000000005,-0.584
2019-07-22,2.4,2.35,4.999999999999982,-0.584
2019-07-23,2.4,2.35,4.999999999999982,-0.584
2019-07-24,2.41,2.35,6.000000000000005,-0.584
2019-07-25,2.42,2.35,6.999999999999984,-0.584
2019-07-26,2.41,2.35,6.000000000000005,-0.581
2019-07-29,2.4,2.35,4.999999999999982,-0.581
2019-07-30,2.39,2.35,4.0000000000000036,-0.581
2019-07-31,2.55,2.35,19.99999999999997,-0.581
2019-08-01,2.19,2.1,8.999999999999986,-0.581
2019-08-02,2.19,2.1,8.999999999999986,-0.573
2019-08-05,2.13,2.1,2.9999999999999805,-0.573
2019-08-06,2.11,2.1,0.9999999999999787,-0.573
2019-08-07,2.1,2.1,0.0,-0.573
2019-08-08,2.09,2.1,-1.000000000000023,-0.573
2019-08-09,2.11,2.1,0.9999999999999787,-0.561
2019-08-12,2.12,2.1,2.0000000000000018,-0.561
2019-08-13,2.16,2.1,6.000000000000005,-0.561
2019-08-14,2.13,2.1,2.9999999999999805,-0.561
2019-08-15,2.18,2.1,8.000000000000007,-0.561
2019-08-16,2.13,2.1,2.9999999999999805,-0.55
2019-08-19,2.11,2.1,0.9999999999999787,-0.55
2019-08-20,2.13,2.1,2.9999999999999805,-0.55
2019-08-21,2.1,2.1,0.0,-0.55
2019-08-22,2.09,2.1,-1.000000000000023,-0.55
2019-08-23,2.1,2.1,0.0,-0.539
2019-08-26,2.1,2.1,0.0,-0.539
2019-08-27,2.15,2.1,4.999999999999982,-0.539
2019-08-28,2.12,2.1,2.0000000000000018,-0.539
2019-08-29,2.12,2.1,2.0000000000000018,-0.539
2019-08-30,2.16,2.1,6.000000000000005,-0.529
2019-09-03,2.17,2.1,6.999999999999984,-0.529
2019-09-04,2.21,2.1,10.999999999999988,-0.529
2019-09-05,2.21,2.1,10.999999999999988,-0.529
2019-09-06,2.15,2.1,4.999999999999982,-0.522
2019-09-09,2.12,2.1,2.0000000000000018,-0.522
2019-09-10,2.14,2.1,4.0000000000000036,-0.522
2019-09-11,2.15,2.1,4.999999999999982,-0.522
2019-09-12,2.2,2.1,10.000000000000009,-0.522
2019-09-13,2.2,2.1,10.000000000000009,-0.517
2019-09-16,2.43,2.1,33.00000000000001,-0.517
2019-09-17,5.25,2.1,315.0,-0.517
2019-09-18,2.55,2.1,44.99999999999997,-0.517
2019-09-19,1.95,1.8,14.999999999999991,-0.517
2019-09-20,1.86,1.8,6.000000000000005,-0.513
2019-09-23,1.85,1.8,5.000000000000004,-0.513
2019-09-24,1.96,1.8,15.999999999999993,-0.513
2019-09-25,2.01,1.8,20.999999999999975,-0.513
2019-09-26,1.85,1.8,5.000000000000004,-0.513
2019-09-27,1.82,1.8,2.0000000000000018,-0.513
2019-09-30,2.35,1.8,55.00000000000001,-0.513
2019-10-01,1.88,1.8,7.999999999999985,-0.513
2019-10-02,1.85,1.8,5.000000000000004,-0.513
2019-10-03,1.84,1.8,4.0000000000000036,-0.513
2019-10-04,1.82,1.8,2.0000000000000018,-0.518
2019-10-07,1.83,1.8,3.0000000000000027,-0.518
2019-10-08,1.85,1.8,5.000000000000004,-0.518
2019-10-09,1.85,1.8,5.000000000000004,-0.518
2019-10-10,1.85,1.8,5.000000000000004,-0.518
2019-10-11,1.85,1.8,5.000000000000004,-0.527
2019-10-15,2.0,1.8,19.999999999999996,-0.527
2019-10-16,2.05,1.8,24.99999999999998,-0.527
2019-10-17,1.95,1.8,14.999999999999991,-0.527
2019-10-18,1.88,1.8,7.999999999999985,-0.539
2019-10-21,1.86,1.8,6.000000000000005,-0.539
2019-10-22,1.87,1.8,7.000000000000006,-0.539
2019-10-23,1.87,1.8,7.000000000000006,-0.539
2019-10-24,1.86,1.8,6.000000000000005,-0.539
2019-10-25,1.84,1.8,4.0000000000000036,-0.554
2019-10-28,1.82,1.8,2.0000000000000018,-0.554
2019-10-29,1.81,1.8,1.0000000000000009,-0.554
2019-10-30,1.82,1.8,2.0000000000000018,-0.554
2019-10-31,1.76,1.55,20.999999999999996,-0.554
2019-11-01,1.58,1.55,3.0000000000000027,-0.566
2019-11-04,1.56,1.55,1.0000000000000009,-0.566
2019-11-05,1.58,1.55,3.0000000000000027,-0.566
2019-11-06,1.57,1.55,2.0000000000000018,-0.566
2019-11-07,1.56,1.55,1.0000000000000009,-0.566
2019-11-08,1.56,1.55,1.0000000000000009,-0.575
2019-11-12,1.57,1.55,2.0000000000000018,-0.575
2019-11-13,1.57,1.55,2.0000000000000018,-0.575
2019-11-14,1.58,1.55,3.0000000000000027,-0.575
2019-11-15,1.59,1.55,4.0000000000000036,-0.58
2019-11-18,1.56,1.55,1.0000000000000009,-0.58
2019-11-19,1.57,1.55,2.0000000000000018,-0.58
2019-11-20,1.57,1.55,2.0000000000000018,-0.58
2019-11-21,1.58,1.55,3.0000000000000027,-0.58
2019-11-22,1.58,1.55,3.0000000000000027,-0.579
2019-11-25,1.56,1.55,1.0000000000000009,-0.579
2019-11-26,1.54,1.55,-1.0000000000000009,-0.579
2019-11-27,1.55,1.55,0.0,-0.579
2019-11-29,1.65,1.55,9.999999999999986,-0.574
2019-12-02,1.63,1.55,7.999999999999985,-0.574
2019-12-03,1.55,1.55,0.0,-0.574
2019-12-04,1.54,1.55,-1.0000000000000009,-0.574
2019-12-05,1.55,1.55,0.0,-0.574
2019-12-06,1.55,1.55,0.0,-0.565
2019-12-09,1.56,1.55,1.0000000000000009,-0.565
2019-12-10,1.55,1.55,0.0,-0.565
2019-12-11,1.54,1.55,-1.0000000000000009,-0.565
2019-12-12,1.53,1.55,-2.0000000000000018,-0.565
2019-12-13,1.54,1.55,-1.0000000000000009,-0.557
2019-12-16,1.62,1.55,7.000000000000006,-0.557
2019-12-17,1.54,1.55,-1.0000000000000009,-0.557
2019-12-18,1.53,1.55,-2.0000000000000018,-0.557
2019-12-19,1.53,1.55,-2.0000000000000018,-0.557
2019-12-20,1.53,1.55,-2.0000000000000018,-0.554
2019-12-23,1.52,1.55,-3.0000000000000027,-0.554
2019-12-24,1.52,1.55,-3.0000000000000027,-0.554
2019-12-26,1.52,1.55,-3.0000000000000027,-0.554
2019-12-27,1.53,1.55,-2.0000000000000018,-0.559
2019-12-30,1.54,1.55,-1.0000000000000009,-0.559
2019-12-31,1.55,1.55,0.0,-0.559
2020-01-02,1.54,1.55,-1.0000000000000009,-0.559
2020-01-03,1.55,1.55,0.0,-0.573
2020-01-06,1.55,1.55,0.0,-0.573
2020-01-07,1.56,1.55,1.0000000000000009,-0.573
2020-01-08,1.55,1.55,0.0,-0.573
2020-01-09,1.55,1.55,0.0,-0.573
2020-01-10,1.55,1.55,0.0,-0.593
2020-01-13,1.54,1.55,-1.0000000000000009,-0.593
2020-01-14,1.55,1.55,0.0,-0.593
2020-01-15,1.56,1.55,1.0000000000000009,-0.593
2020-01-16,1.55,1.55,0.0,-0.593
2020-01-17,1.54,1.55,-1.0000000000000009,-0.615
2020-01-21,1.54,1.55,-1.0000000000000009,-0.615
2020-01-22,1.54,1.55,-1.0000000000000009,-0.615
2020-01-23,1.54,1.55,-1.0000000000000009,-0.615
2020-01-24,1.53,1.55,-2.0000000000000018,-0.629
2020-01-27,1.53,1.55,-2.0000000000000018,-0.629
2020-01-28,1.53,1.55,-2.0000000000000018,-0.629
2020-01-29,1.53,1.55,-2.0000000000000018,-0.629
2020-01-30,1.58,1.6,-2.0000000000000018,-0.629
2020-01-31,1.6,1.6,0.0,-0.626
2020-02-03,1.59,1.6,-1.0000000000000009,-0.626
2020-02-04,1.6,1.6,0.0,-0.626
2020-02-05,1.59,1.6,-1.0000000000000009,-0.626
2020-02-06,1.59,1.6,-1.0000000000000009,-0.626
2020-02-07,1.58,1.6,-2.0000000000000018,-0.599
2020-02-10,1.58,1.6,-2.0000000000000018,-0.599
2020-02-11,1.58,1.6,-2.0000000000000018,-0.599
2020-02-12,1.57,1.6,-3.0000000000000027,-0.599
2020-02-13,1.57,1.6,-3.0000000000000027,-0.599
2020-02-14,1.58,1.6,-2.0000000000000018,-0.537
2020-02-18,1.6,1.6,0.0,-0.537
2020-02-19,1.59,1.6,-1.0000000000000009,-0.537
2020-02-20,1.6,1.6,0.0,-0.537
2020-02-21,1.58,1.6,-2.0000000000000018,-0.434
2020-02-24,1.58,1.6,-2.0000000000000018,-0.434
2020-02-25,1.59,1.6,-1.0000000000000009,-0.434
2020-02-26,1.58,1.6,-2.0000000000000018,-0.434
2020-02-27,1.58,1.6,-2.0000000000000018,-0.434
2020-02-28,1.6,1.6,0.0,-0.293
2020-03-02,1.59,1.6,-1.0000000000000009,-0.293
2020-03-03,1.64,1.6,3.9999999999999813,-0.293
2020-03-04,1.23,1.1,12.99999999999999,-0.293
2020-03-05,1.12,1.1,2.0000000000000018,-0.293
2020-03-06,1.1,1.1,0.0,-0.13
2020-03-09,1.09,1.1,-1.0000000000000009,-0.13
2020-03-10,1.11,1.1,1.0000000000000009,-0.13
2020-03-11,1.15,1.1,4.999999999999982,-0.13
2020-03-12,1.2,1.1,9.999999999999986,-0.13
2020-03-13,1.1,1.1,0.0,0.038
2020-03-16,0.26,0.1,16.0,0.038
2020-03-17,0.54,0.1,44.00000000000001,0.038
2020-03-18,0.1,0.1,0.0,0.038
2020-03-19,0.06,0.1,-4.000000000000001,0.038
2020-03-20,0.04,0.1,-6.000000000000001,0.183
2020-03-23,0.02,0.1,-8.0,0.183
2020-03-24,0.01,0.1,-9.000000000000002,0.183
2020-03-25,0.01,0.1,-9.000000000000002,0.183
2020-03-26,0.01,0.1,-9.000000000000002,0.183
2020-03-27,0.01,0.1,-9.000000000000002,0.276
2020-03-30,0.01,0.1,-9.000000000000002,0.276
2020-03-31,0.01,0.1,-9.000000000000002,0.276
2020-04-01,0.01,0.1,-9.000000000000002,0.276
2020-04-02,0.01,0.1,-9.000000000000002,0.276
2020-04-03,0.01,0.1,-9.000000000000002,0.313
2020-04-06,0.01,0.1,-9.000000000000002,0.313
2020-04-07,0.01,0.1,-9.000000000000002,0.313
2020-04-08,0.01,0.1,-9.000000000000002,0.313
2020-04-09,0.01,0.1,-9.000000000000002,0.313
2020-04-13,0.02,0.1,-8.0,0.313
2020-04-14,0.06,0.1,-4.000000000000001,0.313
2020-04-15,0.03,0.1,-7.000000000000001,0.313
2020-04-16,0.03,0.1,-7.000000000000001,0.313
2020-04-17,0.03,0.1,-7.000000000000001,0.242
2020-04-20,0.02,0.1,-8.0,0.242
2020-04-21,0.01,0.1,-9.000000000000002,0.242
2020-04-22,0.01,0.1,-9.000000000000002,0.242
2020-04-23,0.01,0.1,-9.000000000000002,0.242
2020-04-24,0.03,0.1,-7.000000000000001,0.162
2020-04-27,0.03,0.1,-7.000000000000001,0.162
2020-04-28,0.01,0.1,-9.000000000000002,0.162
2020-04-29,0.01,0.1,-9.000000000000002,0.162
2020-04-30,0.04,0.1,-6.000000000000001,0.162
2020-05-01,0.03,0.1,-7.000000000000001,0.064
2020-05-04,0.05,0.1,-5.0,0.064
2020-05-05,0.05,0.1,-5.0,0.064
2020-05-06,0.05,0.1,-5.0,0.064
2020-05-07,0.05,0.1,-5.0,0.064
2020-05-08,0.06,0.1,-4.000000000000001,-0.036
2020-05-11,0.06,0.1,-4.000000000000001,-0.036
2020-05-12,0.06,0.1,-4.000000000000001,-0.036
2020-05-13,0.04,0.1,-6.000000000000001,-0.036
2020-05-14,0.02,0.1,-8.0,-0.036
2020-05-15,0.05,0.1,-5.0,-0.127
2020-05-18,0.04,0.1,-6.000000000000001,-0.127
2020-05-19,0.04,0.1,-6.000000000000001,-0.127
2020-05-20,0.01,0.1,-9.000000000000002,-0.127
2020-05-21,0.02,0.1,-8.0,-0.127
2020-05-22,0.04,0.1,-6.000000000000001,-0.207
2020-05-26,0.06,0.1,-4.000000000000001,-0.207
2020-05-27,0.06,0.1,-4.000000000000001,-0.207
2020-05-28,0.06,0.1,-4.000000000000001,-0.207
2020-05-29,0.06,0.1,-4.000000000000001,-0.27
2020-06-01,0.06,0.1,-4.000000000000001,-0.27
2020-06-02,0.07,0.1,-3.0,-0.27
2020-06-03,0.06,0.1,-4.000000000000001,-0.27
2020-06-04,0.07,0.1,-3.0,-0.27
2020-06-05,0.07,0.1,-3.0,-0.317
2020-06-08,0.07,0.1,-3.0,-0.317
2020-06-09,0.08,0.1,-2.0000000000000004,-0.317
2020-06-10,0.07,0.1,-3.0,-0.317
2020-06-11,0.08,0.1,-2.0000000000000004,-0.317
2020-06-12,0.08,0.1,-2.0000000000000004,-0.346
2020-06-15,0.09,0.1,-1.0000000000000009,-0.346
2020-06-16,0.09,0.1,-1.0000000000000009,-0.346
2020-06-17,0.09,0.1,-1.0000000000000009,-0.346
2020-06-18,0.09,0.1,-1.0000000000000009,-0.346
2020-06-19,0.09,0.1,-1.0000000000000009,-0.368
2020-06-22,0.08,0.1,-2.0000000000000004,-0.368
2020-06-23,0.07,0.1,-3.0,-0.368
2020-06-24,0.08,0.1,-2.0000000000000004,-0.368
2020-06-25,0.09,0.1,-1.0000000000000009,-0.368
2020-06-26,0.08,0.1,-2.0000000000000004,-0.386
2020-06-29,0.08,0.1,-2.0000000000000004,-0.386
2020-06-30,0.1,0.1,0.0,-0.386
2020-07-01,0.11,0.1,0.9999999999999996,-0.386
2020-07-02,0.11,0.1,0.9999999999999996,-0.386
2020-07-06,0.1,0.1,0.0,-0.386
2020-07-07,0.1,0.1,0.0,-0.386
2020-07-08,0.1,0.1,0.0,-0.386
2020-07-09,0.1,0.1,0.0,-0.386
2020-07-10,0.1,0.1,0.0,-0.421
2020-07-13,0.1,0.1,0.0,-0.421
2020-07-14,0.11,0.1,0.9999999999999996,-0.421
2020-07-15,0.13,0.1,3.0,-0.421
2020-07-16,0.12,0.1,1.9999999999999991,-0.421
2020-07-17,0.12,0.1,1.9999999999999991,-0.44
2020-07-20,0.12,0.1,1.9999999999999991,-0.44
2020-07-21,0.11,0.1,0.9999999999999996,-0.44
2020-07-22,0.1,0.1,0.0,-0.44
2020-07-23,0.1,0.1,0.0,-0.44
2020-07-24,0.1,0.1,0.0,-0.46
2020-07-27,0.1,0.1,0.0,-0.46
2020-07-28,0.1,0.1,0.0,-0.46
2020-07-29,0.09,0.1,-1.0000000000000009,-0.46
2020-07-30,0.1,0.1,0.0,-0.46
2020-07-31,0.1,0.1,0.0,-0.477
2020-08-03,0.1,0.1,0.0,-0.477
2020-08-04,0.09,0.1,-1.0000000000000009,-0.477
2020-08-05,0.09,0.1,-1.0000000000000009,-0.477
2020-08-06,0.09,0.1,-1.0000000000000009,-0.477
2020-08-07,0.09,0.1,-1.0000000000000009,-0.492
2020-08-10,0.09,0.1,-1.0000000000000009,-0.492
2020-08-11,0.1,0.1,0.0,-0.492
2020-08-12,0.09,0.1,-1.0000000000000009,-0.492
2020-08-13,0.09,0.1,-1.0000000000000009,-0.492
2020-08-14,0.09,0.1,-1.0000000000000009,-0.502
2020-08-17,0.1,0.1,0.0,-0.502
2020-08-18,0.09,0.1,-1.0000000000000009,-0.502
2020-08-19,0.09,0.1,-1.0000000000000009,-0.502
2020-08-20,0.07,0.1,-3.0,-0.502
2020-08-21,0.07,0.1,-3.0,-0.509
2020-08-24,0.08,0.1,-2.0000000000000004,-0.509
2020-08-25,0.08,0.1,-2.0000000000000004,-0.509
2020-08-26,0.07,0.1,-3.0,-0.509
2020-08-27,0.07,0.1,-3.0,-0.509
2020-08-28,0.07,0.1,-3.0,-0.511
2020-08-31,0.09,0.1,-1.0000000000000009,-0.511
2020-09-01,0.09,0.1,-1.0000000000000009,-0.511
2020-09-02,0.09,0.1,-1.0000000000000009,-0.511
2020-09-03,0.1,0.1,0.0,-0.511
2020-09-04,0.09,0.1,-1.0000000000000009,-0.509
2020-09-08,0.09,0.1,-1.0000000000000009,-0.509
2020-09-09,0.09,0.1,-1.0000000000000009,-0.509
2020-09-10,0.09,0.1,-1.0000000000000009,-0.509
2020-09-11,0.09,0.1,-1.0000000000000009,-0.505
2020-09-14,0.09,0.1,-1.0000000000000009,-0.505
2020-09-15,0.1,0.1,0.0,-0.505
2020-09-16,0.1,0.1,0.0,-0.505
2020-09-17,0.1,0.1,0.0,-0.505
2020-09-18,0.09,0.1,-1.0000000000000009,-0.501
2020-09-21,0.08,0.1,-2.0000000000000004,-0.501
2020-09-22,0.07,0.1,-3.0,-0.501
2020-09-23,0.06,0.1,-4.000000000000001,-0.501
2020-09-24,0.07,0.1,-3.0,-0.501
2020-09-25,0.08,0.1,-2.0000000000000004,-0.495
2020-09-28,0.08,0.1,-2.0000000000000004,-0.495
2020-09-29,0.07,0.1,-3.0,-0.495
2020-09-30,0.08,0.1,-2.0000000000000004,-0.495
2020-10-01,0.08,0.1,-2.0000000000000004,-0.495
2020-10-02,0.1,0.1,0.0,-0.492
2020-10-05,0.09,0.1,-1.0000000000000009,-0.492
2020-10-06,0.1,0.1,0.0,-0.492
2020-10-07,0.09,0.1,-1.0000000000000009,-0.492
2020-10-08,0.08,0.1,-2.0000000000000004,-0.492
2020-10-09,0.09,0.1,-1.0000000000000009,-0.492
2020-10-13,0.09,0.1,-1.0000000000000009,-0.492
2020-10-14,0.09,0.1,-1.0000000000000009,-0.492
2020-10-15,0.1,0.1,0.0,-0.492
2020-10-16,0.09,0.1,-1.0000000000000009,-0.495
2020-10-19,0.09,0.1,-1.0000000000000009,-0.495
2020-10-20,0.08,0.1,-2.0000000000000004,-0.495
2020-10-21,0.07,0.1,-3.0,-0.495
2020-10-22,0.07,0.1,-3.0,-0.495
2020-10-23,0.08,0.1,-2.0000000000000004,-0.501
2020-10-26,0.09,0.1,-1.0000000000000009,-0.501
2020-10-27,0.09,0.1,-1.0000000000000009,-0.501
2020-10-28,0.08,0.1,-2.0000000000000004,-0.501
2020-10-29,0.09,0.1,-1.0000000000000009,-0.501
2020-10-30,0.09,0.1,-1.0000000000000009,-0.51
2020-11-02,0.11,0.1,0.9999999999999996,-0.51
2020-11-03,0.1,0.1,0.0,-0.51
2020-11-04,0.1,0.1,0.0,-0.51
2020-11-05,0.11,0.1,0.9999999999999996,-0.51
2020-11-06,0.1,0.1,0.0,-0.524
2020-11-09,0.1,0.1,0.0,-0.524
2020-11-10,0.1,0.1,0.0,-0.524
2020-11-12,0.09,0.1,-1.0000000000000009,-0.524
2020-11-13,0.09,0.1,-1.0000000000000009,-0.541
2020-11-16,0.1,0.1,0.0,-0.541
2020-11-17,0.09,0.1,-1.0000000000000009,-0.541
2020-11-18,0.07,0.1,-3.0,-0.541
2020-11-19,0.06,0.1,-4.000000000000001,-0.541
2020-11-20,0.05,0.1,-5.0,-0.557
2020-11-23,0.05,0.1,-5.0,-0.557
2020-11-24,0.07,0.1,-3.0,-0.557
2020-11-25,0.08,0.1,-2.0000000000000004,-0.557
2020-11-27,0.08,0.1,-2.0000000000000004,-0.572
2020-11-30,0.09,0.1,-1.0000000000000009,-0.572
2020-12-01,0.08,0.1,-2.0000000000000004,-0.572
2020-12-02,0.08,0.1,-2.0000000000000004,-0.572
2020-12-03,0.08,0.1,-2.0000000000000004,-0.572
2020-12-04,0.09,0.1,-1.0000000000000009,-0.585
2020-12-07,0.08,0.1,-2.0000000000000004,-0.585
2020-12-08,0.07,0.1,-3.0,-0.585
2020-12-09,0.08,0.1,-2.0000000000000004,-0.585
2020-12-10,0.08,0.1,-2.0000000000000004,-0.585
2020-12-11,0.08,0.1,-2.0000000000000004,-0.595
2020-12-14,0.08,0.1,-2.0000000000000004,-0.595
2020-12-15,0.09,0.1,-1.0000000000000009,-0.595
2020-12-16,0.09,0.1,-1.0000000000000009,-0.595
2020-12-17,0.09,0.1,-1.0000000000000009,-0.595
2020-12-18,0.09,0.1,-1.0000000000000009,-0.602
2020-12-21,0.09,0.1,-1.0000000000000009,-0.602
2020-12-22,0.07,0.1,-3.0,-0.602
2020-12-23,0.06,0.1,-4.000000000000001,-0.602
2020-12-24,0.08,0.1,-2.0000000000000004,-0.602
2020-12-28,0.09,0.1,-1.0000000000000009,-0.602
2020-12-29,0.1,0.1,0.0,-0.602
2020-12-30,0.09,0.1,-1.0000000000000009,-0.602
2020-12-31,0.07,0.1,-3.0,-0.602
2021-01-04,0.1,0.1,0.0,-0.602
2021-01-05,0.11,0.1,0.9999999999999996,-0.602
2021-01-06,0.1,0.1,0.0,-0.602
2021-01-07,0.1,0.1,0.0,-0.602
2021-01-08,0.09,0.1,-1.0000000000000009,-0.618
2021-01-11,0.09,0.1,-1.0000000000000009,-0.618
2021-01-12,0.08,0.1,-2.0000000000000004,-0.618
2021-01-13,0.08,0.1,-2.0000000000000004,-0.618
2021-01-14,0.08,0.1,-2.0000000000000004,-0.618
2021-01-15,0.08,0.1,-2.0000000000000004,-0.621
2021-01-19,0.07,0.1,-3.0,-0.621
2021-01-20,0.06,0.1,-4.000000000000001,-0.621
2021-01-21,0.04,0.1,-6.000000000000001,-0.621
2021-01-22,0.05,0.1,-5.0,-0.623
2021-01-25,0.06,0.1,-4.000000000000001,-0.623
2021-01-26,0.03,0.1,-7.000000000000001,-0.623
2021-01-27,0.03,0.1,-7.000000000000001,-0.623
2021-01-28,0.04,0.1,-6.000000000000001,-0.623
2021-01-29,0.06,0.1,-4.000000000000001,-0.623
2021-02-01,0.07,0.1,-3.0,-0.623
2021-02-02,0.07,0.1,-3.0,-0.623
2021-02-03,0.07,0.1,-3.0,-0.623
2021-02-04,0.05,0.1,-5.0,-0.623
2021-02-05,0.02,0.1,-8.0,-0.625
2021-02-08,0.02,0.1,-8.0,-0.625
2021-02-09,0.05,0.1,-5.0,-0.625
2021-02-10,0.06,0.1,-4.000000000000001,-0.625
2021-02-11,0.06,0.1,-4.000000000000001,-0.625
2021-02-12,0.05,0.1,-5.0,-0.627
2021-02-16,0.06,0.1,-4.000000000000001,-0.627
2021-02-17,0.06,0.1,-4.000000000000001,-0.627
2021-02-18,0.03,0.1,-7.000000000000001,-0.627
2021-02-19,0.02,0.1,-8.0,-0.629
2021-02-22,0.03,0.1,-7.000000000000001,-0.629
2021-02-23,0.01,0.1,-9.000000000000002,-0.629
2021-02-24,0.02,0.1,-8.0,-0.629
2021-02-25,0.03,0.1,-7.000000000000001,-0.629
2021-02-26,0.01,0.1,-9.000000000000002,-0.631
2021-03-01,0.02,0.1,-8.0,-0.631
2021-03-02,0.04,0.1,-6.000000000000001,-0.631
2021-03-03,0.04,0.1,-6.000000000000001,-0.631
2021-03-04,0.02,0.1,-8.0,-0.631
2021-03-05,0.02,0.1,-8.0,-0.635
2021-03-08,0.02,0.1,-8.0,-0.635
2021-03-09,0.02,0.1,-8.0,-0.635
2021-03-10,0.02,0.1,-8.0,-0.635
2021-03-11,0.01,0.1,-9.000000000000002,-0.635
2021-03-12,0.01,0.1,-9.000000000000002,-0.64
2021-03-15,0.01,0.1,-9.000000000000002,-0.64
2021-03-16,0.01,0.1,-9.000000000000002,-0.64
2021-03-17,0.01,0.1,-9.000000000000002,-0.64
2021-03-18,0.01,0.1,-9.000000000000002,-0.64
2021-03-19,0.01,0.1,-9.000000000000002,-0.645
2021-03-22,0.01,0.1,-9.000000000000002,-0.645
2021-03-23,0.01,0.1,-9.000000000000002,-0.645
2021-03-24,0.01,0.1,-9.000000000000002,-0.645
2021-03-25,0.01,0.1,-9.000000000000002,-0.645
2021-03-26,0.01,0.1,-9.000000000000002,-0.652
2021-03-29,0.01,0.1,-9.000000000000002,-0.652
2021-03-30,0.01,0.1,-9.000000000000002,-0.652
2021-03-31,0.01,0.1,-9.000000000000002,-0.652
2021-04-01,0.01,0.1,-9.000000000000002,-0.652
2021-04-05,0.01,0.1,-9.000000000000002,-0.652
2021-04-06,0.01,0.1,-9.000000000000002,-0.652
2021-04-07,0.01,0.1,-9.000000000000002,-0.652
2021-04-08,0.01,0.1,-9.000000000000002,-0.652
2021-04-09,0.01,0.1,-9.000000000000002,-0.668
2021-04-12,0.01,0.1,-9.000000000000002,-0.668
2021-04-13,0.01,0.1,-9.000000000000002,-0.668
2021-04-14,0.01,0.1,-9.000000000000002,-0.668
2021-04-15,0.01,0.1,-9.000000000000002,-0.668
2021-04-16,0.01,0.1,-9.000000000000002,-0.675
2021-04-19,0.01,0.1,-9.000000000000002,-0.675
2021-04-20,0.01,0.1,-9.000000000000002,-0.675
2021-04-21,0.01,0.1,-9.000000000000002,-0.675
2021-04-22,0.01,0.1,-9.000000000000002,-0.675
2021-04-23,0.01,0.1,-9.000000000000002,-0.681
2021-04-26,0.01,0.1,-9.000000000000002,-0.681
2021-04-27,0.01,0.1,-9.000000000000002,-0.681
2021-04-28,0.01,0.1,-9.000000000000002,-0.681
2021-04-29,0.01,0.1,-9.000000000000002,-0.681
2021-04-30,0.01,0.1,-9.000000000000002,-0.686
2021-05-03,0.01,0.1,-9.000000000000002,-0.686
2021-05-04,0.01,0.1,-9.000000000000002,-0.686
2021-05-05,0.01,0.1,-9.000000000000002,-0.686
2021-05-06,0.01,0.1,-9.000000000000002,-0.686
2021-05-07,0.01,0.1,-9.000000000000002,-0.691
2021-05-10,0.01,0.1,-9.000000000000002,-0.691
2021-05-11,0.01,0.1,-9.000000000000002,-0.691
2021-05-12,0.01,0.1,-9.000000000000002,-0.691
2021-05-13,0.01,0.1,-9.000000000000002,-0.691
2021-05-14,0.01,0.1,-9.000000000000002,-0.694
2021-05-17,0.01,0.1,-9.000000000000002,-0.694
2021-05-18,0.01,0.1,-9.000000000000002,-0.694
2021-05-19,0.01,0.1,-9.000000000000002,-0.694
2021-05-20,0.01,0.1,-9.000000000000002,-0.694
2021-05-21,0.01,0.1,-9.000000000000002,-0.696
2021-05-24,0.01,0.1,-9.000000000000002,-0.696
2021-05-25,0.01,0.1,-9.000000000000002,-0.696
2021-05-26,0.01,0.1,-9.000000000000002,-0.696
2021-05-27,0.01,0.1,-9.000000000000002,-0.696
2021-05-28,0.01,0.1,-9.000000000000002,-0.698
2021-06-01,0.01,0.1,-9.000000000000002,-0.698
2021-06-02,0.01,0.1,-9.000000000000002,-0.698
2021-06-03,0.01,0.1,-9.000000000000002,-0.698
2021-06-04,0.01,0.1,-9.000000000000002,-0.699
2021-06-07,0.01,0.1,-9.000000000000002,-0.699
2021-06-08,0.01,0.1,-9.000000000000002,-0.699
2021-06-09,0.01,0.1,-9.000000000000002,-0.699
2021-06-10,0.01,0.1,-9.000000000000002,-0.699
2021-06-11,0.01,0.1,-9.000000000000002,-0.698
2021-06-14,0.01,0.1,-9.000000000000002,-0.698
2021-06-15,0.01,0.1,-9.000000000000002,-0.698
2021-06-16,0.01,0.1,-9.000000000000002,-0.698
2021-06-17,0.05,0.15,-10.0,-0.698
2021-06-18,0.05,0.15,-10.0,-0.695
2021-06-21,0.05,0.15,-10.0,-0.695
2021-06-22,0.05,0.15,-10.0,-0.695
2021-06-23,0.05,0.15,-10.0,-0.695
2021-06-24,0.05,0.15,-10.0,-0.695
2021-06-25,0.05,0.15,-10.0,-0.691
2021-06-28,0.05,0.15,-10.0,-0.691
2021-06-29,0.05,0.15,-10.0,-0.691
2021-06-30,0.05,0.15,-10.0,-0.691
2021-07-01,0.05,0.15,-10.0,-0.691
2021-07-02,0.05,0.15,-10.0,-0.686
2021-07-06,0.05,0.15,-10.0,-0.686
2021-07-07,0.05,0.15,-10.0,-0.686
2021-07-08,0.05,0.15,-10.0,-0.686
2021-07-09,0.05,0.15,-10.0,-0.679
2021-07-12,0.05,0.15,-10.0,-0.679
2021-07-13,0.05,0.15,-10.0,-0.679
2021-07-14,0.05,0.15,-10.0,-0.679
2021-07-15,0.05,0.15,-10.0,-0.679
2021-07-16,0.05,0.15,-10.0,-0.672
2021-07-19,0.05,0.15,-10.0,-0.672
2021-07-20,0.05,0.15,-10.0,-0.672
2021-07-21,0.05,0.15,-10.0,-0.672
2021-07-22,0.05,0.15,-10.0,-0.672
2021-07-23,0.05,0.15,-10.0,-0.665
2021-07-26,0.05,0.15,-10.0,-0.665
2021-07-27,0.05,0.15,-10.0,-0.665
2021-07-28,0.05,0.15,-10.0,-0.665
2021-07-29,0.05,0.15,-10.0,-0.665
2021-07-30,0.05,0.15,-10.0,-0.66
2021-08-02,0.05,0.15,-10.0,-0.66
2021-08-03,0.05,0.15,-10.0,-0.66
2021-08-04,0.05,0.15,-10.0,-0.66
2021-08-05,0.05,0.15,-10.0,-0.66
2021-08-06,0.05,0.15,-10.0,-0.655
2021-08-09,0.05,0.15,-10.0,-0.655
2021-08-10,0.05,0.15,-10.0,-0.655
2021-08-11,0.05,0.15,-10.0,-0.655
2021-08-12,0.05,0.15,-10.0,-0.655
2021-08-13,0.05,0.15,-10.0,-0.652
2021-08-16,0.05,0.15,-10.0,-0.652
2021-08-17,0.05,0.15,-10.0,-0.652
2021-08-18,0.05,0.15,-10.0,-0.652
2021-08-19,0.05,0.15,-10.0,-0.652
2021-08-20,0.05,0.15,-10.0,-0.651
2021-08-23,0.05,0.15,-10.0,-0.651
2021-08-24,0.05,0.15,-10.0,-0.651
2021-08-25,0.05,0.15,-10.0,-0.651
2021-08-26,0.05,0.15,-10.0,-0.651
2021-08-27,0.05,0.15,-10.0,-0.652
2021-08-30,0.05,0.15,-10.0,-0.652
2021-08-31,0.05,0.15,-10.0,-0.652
2021-09-01,0.05,0.15,-10.0,-0.652
2021-09-02,0.05,0.15,-10.0,-0.652
2021-09-03,0.05,0.15,-10.0,-0.653
2021-09-07,0.05,0.15,-10.0,-0.653
2021-09-08,0.05,0.15,-10.0,-0.653
2021-09-09,0.05,0.15,-10.0,-0.653
2021-09-10,0.05,0.15,-10.0,-0.655
2021-09-13,0.05,0.15,-10.0,-0.655
2021-09-14,0.05,0.15,-10.0,-0.655
2021-09-15,0.05,0.15,-10.0,-0.655
2021-09-16,0.05,0.15,-10.0,-0.655
2021-09-17,0.05,0.15,-10.0,-0.657
2021-09-20,0.05,0.15,-10.0,-0.657
2021-09-21,0.05,0.15,-10.0,-0.657
2021-09-22,0.05,0.15,-10.0,-0.657
2021-09-23,0.05,0.15,-10.0,-0.657
2021-09-24,0.05,0.15,-10.0,-0.658
2021-09-27,0.05,0.15,-10.0,-0.658
2021-09-28,0.05,0.15,-10.0,-0.658
2021-09-29,0.05,0.15,-10.0,-0.658
2021-09-30,0.05,0.15,-10.0,-0.658
2021-10-01,0.05,0.15,-10.0,-0.659
2021-10-04,0.05,0.15,-10.0,-0.659
2021-10-05,0.05,0.15,-10.0,-0.659
2021-10-06,0.05,0.15,-10.0,-0.659
2021-10-07,0.05,0.15,-10.0,-0.659
2021-10-08,0.05,0.15,-10.0,-0.657
2021-10-12,0.05,0.15,-10.0,-0.657
2021-10-13,0.05,0.15,-10.0,-0.657
2021-10-14,0.05,0.15,-10.0,-0.657
2021-10-15,0.05,0.15,-10.0,-0.651
2021-10-18,0.05,0.15,-10.0,-0.651
2021-10-19,0.03,0.15,-12.0,-0.651
2021-10-20,0.03,0.15,-12.0,-0.651
2021-10-21,0.03,0.15,-12.0,-0.651
2021-10-22,0.05,0.15,-10.0,-0.64
2021-10-25,0.04,0.15,-10.999999999999998,-0.64
2021-10-26,0.05,0.15,-10.0,-0.64
2021-10-27,0.05,0.15,-10.0,-0.64
2021-10-28,0.05,0.15,-10.0,-0.64
2021-10-29,0.05,0.15,-10.0,-0.626
2021-11-01,0.05,0.15,-10.0,-0.626
2021-11-02,0.05,0.15,-10.0,-0.626
2021-11-03,0.05,0.15,-10.0,-0.626
2021-11-04,0.05,0.15,-10.0,-0.626
2021-11-05,0.05,0.15,-10.0,-0.608
2021-11-08,0.05,0.15,-10.0,-0.608
2021-11-09,0.05,0.15,-10.0,-0.608
2021-11-10,0.05,0.15,-10.0,-0.608
2021-11-12,0.05,0.15,-10.0,-0.588
2021-11-15,0.05,0.15,-10.0,-0.588
2021-11-16,0.05,0.15,-10.0,-0.588
2021-11-17,0.05,0.15,-10.0,-0.588
2021-11-18,0.05,0.15,-10.0,-0.588
2021-11-19,0.05,0.15,-10.0,-0.57
2021-11-22,0.05,0.15,-10.0,-0.57
2021-11-23,0.05,0.15,-10.0,-0.57
2021-11-24,0.05,0.15,-10.0,-0.57
2021-11-26,0.05,0.15,-10.0,-0.554
2021-11-29,0.05,0.15,-10.0,-0.554
2021-11-30,0.05,0.15,-10.0,-0.554
2021-12-01,0.05,0.15,-10.0,-0.554
2021-12-02,0.05,0.15,-10.0,-0.554
2021-12-03,0.05,0.15,-10.0,-0.543
2021-12-06,0.05,0.15,-10.0,-0.543
2021-12-07,0.05,0.15,-10.0,-0.543
2021-12-08,0.05,0.15,-10.0,-0.543
2021-12-09,0.05,0.15,-10.0,-0.543
2021-12-10,0.05,0.15,-10.0,-0.541
2021-12-13,0.05,0.15,-10.0,-0.541
2021-12-14,0.05,0.15,-10.0,-0.541
2021-12-15,0.05,0.15,-10.0,-0.541
2021-12-16,0.05,0.15,-10.0,-0.541
2021-12-17,0.05,0.15,-10.0,-0.544
2021-12-20,0.04,0.15,-10.999999999999998,-0.544
2021-12-21,0.05,0.15,-10.0,-0.544
2021-12-22,0.05,0.15,-10.0,-0.544
2021-12-23,0.05,0.15,-10.0,-0.544
2021-12-27,0.05,0.15,-10.0,-0.544
2021-12-28,0.05,0.15,-10.0,-0.544
2021-12-29,0.05,0.15,-10.0,-0.544
2021-12-30,0.05,0.15,-10.0,-0.544
2021-12-31,0.05,0.15,-10.0,-0.559
2022-01-03,0.05,0.15,-10.0,-0.559
2022-01-04,0.05,0.15,-10.0,-0.559
2022-01-05,0.05,0.15,-10.0,-0.559
2022-01-06,0.05,0.15,-10.0,-0.559
2022-01-07,0.05,0.15,-10.0,-0.565
2022-01-10,0.05,0.15,-10.0,-0.565
2022-01-11,0.05,0.15,-10.0,-0.565
2022-01-12,0.05,0.15,-10.0,-0.565
2022-01-13,0.05,0.15,-10.0,-0.565
2022-01-14,0.05,0.15,-10.0,-0.564
2022-01-18,0.05,0.15,-10.0,-0.564
2022-01-19,0.05,0.15,-10.0,-0.564
2022-01-20,0.04,0.15,-10.999999999999998,-0.564
2022-01-21,0.05,0.15,-10.0,-0.557
2022-01-24,0.04,0.15,-10.999999999999998,-0.557
2022-01-25,0.05,0.15,-10.0,-0.557
2022-01-26,0.04,0.15,-10.999999999999998,-0.557
2022-01-27,0.04,0.15,-10.999999999999998,-0.557
2022-01-28,0.05,0.15,-10.0,-0.543
2022-01-31,0.05,0.15,-10.0,-0.543
2022-02-01,0.05,0.15,-10.0,-0.543
2022-02-02,0.05,0.15,-10.0,-0.543
2022-02-03,0.05,0.15,-10.0,-0.543
2022-02-04,0.05,0.15,-10.0,-0.523
2022-02-07,0.05,0.15,-10.0,-0.523
2022-02-08,0.05,0.15,-10.0,-0.523
2022-02-09,0.04,0.15,-10.999999999999998,-0.523
2022-02-10,0.05,0.15,-10.0,-0.523
2022-02-11,0.05,0.15,-10.0,-0.497
2022-02-14,0.05,0.15,-10.0,-0.497
2022-02-15,0.05,0.15,-10.0,-0.497
2022-02-16,0.05,0.15,-10.0,-0.497
2022-02-17,0.05,0.15,-10.0,-0.497
2022-02-18,0.05,0.15,-10.0,-0.467
2022-02-22,0.05,0.15,-10.0,-0.467
2022-02-23,0.05,0.15,-10.0,-0.467
2022-02-24,0.05,0.15,-10.0,-0.467
2022-02-25,0.05,0.15,-10.0,-0.437
2022-02-28,0.05,0.15,-10.0,-0.437
2022-03-01,0.05,0.15,-10.0,-0.437
2022-03-02,0.05,0.15,-10.0,-0.437
2022-03-03,0.05,0.15,-10.0,-0.437
2022-03-04,0.05,0.15,-10.0,-0.41
2022-03-07,0.05,0.15,-10.0,-0.41
2022-03-08,0.05,0.15,-10.0,-0.41
2022-03-09,0.05,0.15,-10.0,-0.41
2022-03-10,0.05,0.15,-10.0,-0.41
2022-03-11,0.05,0.15,-10.0,-0.389
2022-03-14,0.05,0.15,-10.0,-0.389
2022-03-15,0.05,0.15,-10.0,-0.389
2022-03-16,0.05,0.15,-10.0,-0.389
2022-03-17,0.3,0.4,-10.000000000000004,-0.389
2022-03-18,0.3,0.4,-10.000000000000004,-0.376
2022-03-21,0.29,0.4,-11.000000000000004,-0.376
2022-03-22,0.28,0.4,-12.0,-0.376
2022-03-23,0.27,0.4,-13.0,-0.376
2022-03-24,0.27,0.4,-13.0,-0.376
2022-03-25,0.28,0.4,-12.0,-0.37
2022-03-28,0.28,0.4,-12.0,-0.37
2022-03-29,0.28,0.4,-12.0,-0.37
2022-03-30,0.27,0.4,-13.0,-0.37
2022-03-31,0.29,0.4,-11.000000000000004,-0.37
2022-04-01,0.3,0.4,-10.000000000000004,-0.368
2022-04-04,0.3,0.4,-10.000000000000004,-0.368
2022-04-05,0.3,0.4,-10.000000000000004,-0.368
2022-04-06,0.3,0.4,-10.000000000000004,-0.368
2022-04-07,0.3,0.4,-10.000000000000004,-0.368
2022-04-08,0.3,0.4,-10.000000000000004,-0.365
2022-04-11,0.3,0.4,-10.000000000000004,-0.365
2022-04-12,0.29,0.4,-11.000000000000004,-0.365
2022-04-13,0.29,0.4,-11.000000000000004,-0.365
2022-04-14,0.29,0.4,-11.000000000000004,-0.365
2022-04-18,0.29,0.4,-11.000000000000004,-0.365
2022-04-19,0.28,0.4,-12.0,-0.365
2022-04-20,0.27,0.4,-13.0,-0.365
2022-04-21,0.26,0.4,-14.000000000000002,-0.365
2022-04-22,0.27,0.4,-13.0,-0.347
2022-04-25,0.27,0.4,-13.0,-0.347
2022-04-26,0.27,0.4,-13.0,-0.347
2022-04-27,0.28,0.4,-12.0,-0.347
2022-04-28,0.28,0.4,-12.0,-0.347
2022-04-29,0.28,0.4,-12.0,-0.332
2022-05-02,0.3,0.4,-10.000000000000004,-0.332
2022-05-03,0.3,0.4,-10.000000000000004,-0.332
2022-05-04,0.3,0.4,-10.000000000000004,-0.332
2022-05-05,0.79,0.9,-10.999999999999998,-0.332
2022-05-06,0.78,0.9,-12.0,-0.314
2022-05-09,0.78,0.9,-12.0,-0.314
2022-05-10,0.78,0.9,-12.0,-0.314
2022-05-11,0.78,0.9,-12.0,-0.314
2022-05-12,0.79,0.9,-10.999999999999998,-0.314
2022-05-13,0.79,0.9,-10.999999999999998,-0.295
2022-05-16,0.8,0.9,-9.999999999999998,-0.295
2022-05-17,0.8,0.9,-9.999999999999998,-0.295
2022-05-18,0.79,0.9,-10.999999999999998,-0.295
2022-05-19,0.79,0.9,-10.999999999999998,-0.295
2022-05-20,0.78,0.9,-12.0,-0.275
2022-05-23,0.78,0.9,-12.0,-0.275
2022-05-24,0.78,0.9,-12.0,-0.275
2022-05-25,0.78,0.9,-12.0,-0.275
2022-05-26,0.78,0.9,-12.0,-0.275
2022-05-27,0.78,0.9,-12.0,-0.253
2022-05-31,0.79,0.9,-10.999999999999998,-0.253
2022-06-01,0.8,0.9,-9.999999999999998,-0.253
2022-06-02,0.79,0.9,-10.999999999999998,-0.253
2022-06-03,0.78,0.9,-12.0,-0.229
2022-06-06,0.78,0.9,-12.0,-0.229
2022-06-07,0.77,0.9,-13.0,-0.229
2022-06-08,0.76,0.9,-14.000000000000002,-0.229
2022-06-09,0.75,0.9,-15.000000000000002,-0.229
2022-06-10,0.75,0.9,-15.000000000000002,-0.203
2022-06-13,0.73,0.9,-17.000000000000004,-0.203
2022-06-14,0.69,0.9,-21.000000000000007,-0.203
2022-06-15,0.7,0.9,-20.000000000000007,-0.203
2022-06-16,1.45,1.65,-19.999999999999996,-0.203
2022-06-17,1.45,1.65,-19.999999999999996,-0.179
2022-06-21,1.45,1.65,-19.999999999999996,-0.179
2022-06-22,1.45,1.65,-19.999999999999996,-0.179
2022-06-23,1.44,1.65,-20.999999999999996,-0.179
2022-06-24,1.46,1.65,-18.999999999999993,-0.163
2022-06-27,1.5,1.65,-14.999999999999991,-0.163
2022-06-28,1.52,1.65,-12.99999999999999,-0.163
2022-06-29,1.51,1.65,-13.99999999999999,-0.163
2022-06-30,1.5,1.65,-14.999999999999991,-0.163
2022-07-01,1.52,1.65,-12.99999999999999,-0.157
2022-07-05,1.54,1.65,-10.999999999999988,-0.157
2022-07-06,1.54,1.65,-10.999999999999988,-0.157
2022-07-07,1.54,1.65,-10.999999999999988,-0.157
2022-07-08,1.53,1.65,-11.99999999999999,-0.16
2022-07-11,1.53,1.65,-11.99999999999999,-0.16
2022-07-12,1.54,1.65,-10.999999999999988,-0.16
2022-07-13,1.53,1.65,-11.99999999999999,-0.16
2022-07-14,1.53,1.65,-11.99999999999999,-0.16
2022-07-15,1.54,1.65,-10.999999999999988,-0.174
2022-07-18,1.54,1.65,-10.999999999999988,-0.174
2022-07-19,1.54,1.65,-10.999999999999988,-0.174
2022-07-20,1.53,1.65,-11.99999999999999,-0.174
2022-07-21,1.53,1.65,-11.99999999999999,-0.174
2022-07-22,1.52,1.65,-12.99999999999999,-0.194
2022-07-25,1.53,1.65,-11.99999999999999,-0.194
2022-07-26,1.53,1.65,-11.99999999999999,-0.194
2022-07-27,1.53,1.65,-11.99999999999999,-0.194
2022-07-28,2.28,2.4,-12.00000000000001,-0.194
2022-07-29,2.27,2.4,-12.99999999999999,-0.212
2022-08-01,2.28,2.4,-12.00000000000001,-0.212
2022-08-02,2.3,2.4,-10.000000000000009,-0.212
2022-08-03,2.29,2.4,-10.999999999999988,-0.212
2022-08-04,2.29,2.4,-10.999999999999988,-0.212
2022-08-05,2.28,2.4,-12.00000000000001,-0.226
2022-08-08,2.28,2.4,-12.00000000000001,-0.226
2022-08-09,2.29,2.4,-10.999999999999988,-0.226
2022-08-10,2.28,2.4,-12.00000000000001,-0.226
2022-08-11,2.28,2.4,-12.00000000000001,-0.226
2022-08-12,2.28,2.4,-12.00000000000001,-0.234
2022-08-15,2.29,2.4,-10.999999999999988,-0.234
2022-08-16,2.29,2.4,-10.999999999999988,-0.234
2022-08-17,2.29,2.4,-10.999999999999988,-0.234
2022-08-18,2.28,2.4,-12.00000000000001,-0.234
2022-08-19,2.28,2.4,-12.00000000000001,-0.232
2022-08-22,2.28,2.4,-12.00000000000001,-0.232
2022-08-23,2.27,2.4,-12.99999999999999,-0.232
2022-08-24,2.27,2.4,-12.99999999999999,-0.232
2022-08-25,2.28,2.4,-12.00000000000001,-0.232
2022-08-26,2.28,2.4,-12.00000000000001,-0.219
2022-08-29,2.28,2.4,-12.00000000000001,-0.219
2022-08-30,2.29,2.4,-10.999999999999988,-0.219
2022-08-31,2.29,2.4,-10.999999999999988,-0.219
2022-09-01,2.29,2.4,-10.999999999999988,-0.219
2022-09-02,2.29,2.4,-10.999999999999988,-0.198
2022-09-06,2.29,2.4,-10.999999999999988,-0.198
2022-09-07,2.28,2.4,-12.00000000000001,-0.198
2022-09-08,2.28,2.4,-12.00000000000001,-0.198
2022-09-09,2.28,2.4,-12.00000000000001,-0.171
2022-09-12,2.28,2.4,-12.00000000000001,-0.171
2022-09-13,2.28,2.4,-12.00000000000001,-0.171
2022-09-14,2.27,2.4,-12.99999999999999,-0.171
2022-09-15,2.28,2.4,-12.00000000000001,-0.171
2022-09-16,2.27,2.4,-12.99999999999999,-0.142
2022-09-19,2.27,2.4,-12.99999999999999,-0.142
2022-09-20,2.26,2.4,-14.000000000000012,-0.142
2022-09-21,2.25,2.4,-14.999999999999991,-0.142
2022-09-22,2.99,3.15,-15.99999999999997,-0.142
2022-09-23,2.99,3.15,-15.99999999999997,-0.116
2022-09-26,2.99,3.15,-15.99999999999997,-0.116
2022-09-27,2.98,3.15,-16.999999999999993,-0.116
2022-09-28,2.98,3.15,-16.999999999999993,-0.116
2022-09-29,2.96,3.15,-18.999999999999993,-0.116
2022-09-30,2.98,3.15,-16.999999999999993,-0.096
2022-10-03,3.0,3.15,-14.999999999999991,-0.096
2022-10-04,3.04,3.15,-10.999999999999988,-0.096
2022-10-05,3.04,3.15,-10.999999999999988,-0.096
2022-10-06,3.05,3.15,-10.000000000000009,-0.096
2022-10-07,3.05,3.15,-10.000000000000009,-0.089
2022-10-11,3.05,3.15,-10.000000000000009,-0.089
2022-10-12,3.04,3.15,-10.999999999999988,-0.089
2022-10-13,3.04,3.15,-10.999999999999988,-0.089
2022-10-14,3.04,3.15,-10.999999999999988,-0.09
2022-10-17,3.05,3.15,-10.000000000000009,-0.09
2022-10-18,3.04,3.15,-10.999999999999988,-0.09
2022-10-19,3.04,3.15,-10.999999999999988,-0.09
2022-10-20,3.03,3.15,-12.00000000000001,-0.09
2022-10-21,3.02,3.15,-12.99999999999999,-0.101
2022-10-24,3.01,3.15,-14.000000000000012,-0.101
2022-10-25,3.02,3.15,-12.99999999999999,-0.101
2022-10-26,3.03,3.15,-12.00000000000001,-0.101
2022-10-27,3.04,3.15,-10.999999999999988,-0.101
2022-10-28,3.05,3.15,-10.000000000000009,-0.117
2022-10-31,3.05,3.15,-10.000000000000009,-0.117
2022-11-01,3.05,3.15,-10.000000000000009,-0.117
2022-11-02,3.05,3.15,-10.000000000000009,-0.117
2022-11-03,3.8,3.9,-10.000000000000009,-0.117
2022-11-04,3.8,3.9,-10.000000000000009,-0.135
2022-11-07,3.78,3.9,-12.00000000000001,-0.135
2022-11-08,3.78,3.9,-12.00000000000001,-0.135
2022-11-09,3.78,3.9,-12.00000000000001,-0.135
2022-11-10,3.78,3.9,-12.00000000000001,-0.135
2022-11-14,3.79,3.9,-10.999999999999988,-0.135
2022-11-15,3.8,3.9,-10.000000000000009,-0.135
2022-11-16,3.81,3.9,-8.999999999999986,-0.135
2022-11-17,3.8,3.9,-10.000000000000009,-0.135
2022-11-18,3.8,3.9,-10.000000000000009,-0.167
2022-11-21,3.8,3.9,-10.000000000000009,-0.167
2022-11-22,3.8,3.9,-10.000000000000009,-0.167
2022-11-23,3.79,3.9,-10.999999999999988,-0.167
2022-11-25,3.8,3.9,-10.000000000000009,-0.175
2022-11-28,3.8,3.9,-10.000000000000009,-0.175
2022-11-29,3.81,3.9,-8.999999999999986,-0.175
2022-11-30,3.82,3.9,-8.000000000000007,-0.175
2022-12-01,3.82,3.9,-8.000000000000007,-0.175
2022-12-02,3.81,3.9,-8.999999999999986,-0.181
2022-12-05,3.81,3.9,-8.999999999999986,-0.181
2022-12-06,3.8,3.9,-10.000000000000009,-0.181
2022-12-07,3.8,3.9,-10.000000000000009,-0.181
2022-12-08,3.8,3.9,-10.000000000000009,-0.181
2022-12-09,3.8,3.9,-10.000000000000009,-0.184
2022-12-12,3.8,3.9,-10.000000000000009,-0.184
2022-12-13,3.8,3.9,-10.000000000000009,-0.184
2022-12-14,3.8,3.9,-10.000000000000009,-0.184
2022-12-15,4.32,4.4,-8.000000000000007,-0.184
2022-12-16,4.32,4.4,-8.000000000000007,-0.19
2022-12-19,4.3,4.4,-10.000000000000053,-0.19
2022-12-20,4.3,4.4,-10.000000000000053,-0.19
2022-12-21,4.3,4.4,-10.000000000000053,-0.19
2022-12-22,4.3,4.4,-10.000000000000053,-0.19
2022-12-23,4.3,4.4,-10.000000000000053,-0.201
2022-12-27,4.3,4.4,-10.000000000000053,-0.201
2022-12-28,4.3,4.4,-10.000000000000053,-0.201
2022-12-29,4.3,4.4,-10.000000000000053,-0.201
2022-12-30,4.3,4.4,-10.000000000000053,-0.218
2023-01-03,4.31,4.4,-9.000000000000075,-0.218
2023-01-04,4.3,4.4,-10.000000000000053,-0.218
2023-01-05,4.31,4.4,-9.000000000000075,-0.218
2023-01-06,4.31,4.4,-9.000000000000075,-0.241
2023-01-09,4.31,4.4,-9.000000000000075,-0.241
2023-01-10,4.31,4.4,-9.000000000000075,-0.241
2023-01-11,4.3,4.4,-10.000000000000053,-0.241
2023-01-12,4.3,4.4,-10.000000000000053,-0.241
2023-01-13,4.3,4.4,-10.000000000000053,-0.266
2023-01-17,4.31,4.4,-9.000000000000075,-0.266
2023-01-18,4.3,4.4,-10.000000000000053,-0.266
2023-01-19,4.31,4.4,-9.000000000000075,-0.266
2023-01-20,4.3,4.4,-10.000000000000053,-0.287
2023-01-23,4.3,4.4,-10.000000000000053,-0.287
2023-01-24,4.3,4.4,-10.000000000000053,-0.287
2023-01-25,4.31,4.4,-9.000000000000075,-0.287
2023-01-26,4.3,4.4,-10.000000000000053,-0.287
2023-01-27,4.3,4.4,-10.000000000000053,-0.304
2023-01-30,4.3,4.4,-10.000000000000053,-0.304
2023-01-31,4.31,4.4,-9.000000000000075,-0.304
2023-02-01,4.31,4.4,-9.000000000000075,-0.304
2023-02-02,4.56,4.65,-9.000000000000075,-0.304
2023-02-03,4.55,4.65,-10.000000000000053,-0.312
2023-02-06,4.55,4.65,-10.000000000000053,-0.312
2023-02-07,4.55,4.65,-10.000000000000053,-0.312
2023-02-08,4.55,4.65,-10.000000000000053,-0.312
2023-02-09,4.55,4.65,-10.000000000000053,-0.312
2023-02-10,4.55,4.65,-10.000000000000053,-0.308
2023-02-13,4.55,4.65,-10.000000000000053,-0.308
2023-02-14,4.55,4.65,-10.000000000000053,-0.308
2023-02-15,4.55,4.65,-10.000000000000053,-0.308
2023-02-16,4.55,4.65,-10.000000000000053,-0.308
2023-02-17,4.55,4.65,-10.000000000000053,-0.293
2023-02-21,4.55,4.65,-10.000000000000053,-0.293
2023-02-22,4.55,4.65,-10.000000000000053,-0.293
2023-02-23,4.55,4.65,-10.000000000000053,-0.293
2023-02-24,4.55,4.65,-10.000000000000053,-0.267
2023-02-27,4.55,4.65,-10.000000000000053,-0.267
2023-02-28,4.55,4.65,-10.000000000000053,-0.267
2023-03-01,4.55,4.65,-10.000000000000053,-0.267
2023-03-02,4.55,4.65,-10.000000000000053,-0.267
2023-03-03,4.55,4.65,-10.000000000000053,-0.235
2023-03-06,4.55,4.65,-10.000000000000053,-0.235
2023-03-07,4.55,4.65,-10.000000000000053,-0.235
2023-03-08,4.55,4.65,-10.000000000000053,-0.235
2023-03-09,4.55,4.65,-10.000000000000053,-0.235
2023-03-10,4.55,4.65,-10.000000000000053,-0.202
2023-03-13,4.55,4.65,-10.000000000000053,-0.202
2023-03-14,4.55,4.65,-10.000000000000053,-0.202
2023-03-15,4.58,4.65,-7.000000000000028,-0.202
2023-03-16,4.57,4.65,-8.000000000000007,-0.202
2023-03-17,4.55,4.65,-10.000000000000053,-0.17
2023-03-20,4.55,4.65,-10.000000000000053,-0.17
2023-03-21,4.55,4.65,-10.000000000000053,-0.17
2023-03-22,4.55,4.65,-10.000000000000053,-0.17
2023-03-23,4.8,4.9,-10.000000000000053,-0.17
2023-03-24,4.8,4.9,-10.000000000000053,-0.151
2023-03-27,4.81,4.9,-9.000000000000075,-0.151
2023-03-28,4.84,4.9,-6.00000000000005,-0.151
2023-03-29,4.83,4.9,-7.000000000000028,-0.151
2023-03-30,4.82,4.9,-8.000000000000007,-0.151
2023-03-31,4.87,4.9,-3.000000000000025,-0.146
2023-04-03,4.84,4.9,-6.00000000000005,-0.146
2023-04-04,4.83,4.9,-7.000000000000028,-0.146
2023-04-05,4.81,4.9,-9.000000000000075,-0.146
2023-04-06,4.81,4.9,-9.000000000000075,-0.146
2023-04-10,4.81,4.9,-9.000000000000075,-0.146
2023-04-11,4.8,4.9,-10.000000000000053,-0.146
2023-04-12,4.8,4.9,-10.000000000000053,-0.146
2023-04-13,4.8,4.9,-10.000000000000053,-0.146
2023-04-14,4.8,4.9,-10.000000000000053,-0.161
2023-04-17,4.8,4.9,-10.000000000000053,-0.161
2023-04-18,4.8,4.9,-10.000000000000053,-0.161
2023-04-19,4.8,4.9,-10.000000000000053,-0.161
2023-04-20,4.8,4.9,-10.000000000000053,-0.161
2023-04-21,4.8,4.9,-10.000000000000053,-0.175
2023-04-24,4.8,4.9,-10.000000000000053,-0.175
2023-04-25,4.8,4.9,-10.000000000000053,-0.175
2023-04-26,4.8,4.9,-10.000000000000053,-0.175
2023-04-27,4.81,4.9,-9.000000000000075,-0.175
2023-04-28,4.81,4.9,-9.000000000000075,-0.187
2023-05-01,4.81,4.9,-9.000000000000075,-0.187
2023-05-02,4.81,4.9,-9.000000000000075,-0.187
2023-05-03,4.81,4.9,-9.000000000000075,-0.187
2023-05-04,5.06,5.15,-9.000000000000075,-0.187
2023-05-05,5.06,5.15,-9.000000000000075,-0.196
2023-05-08,5.06,5.15,-9.000000000000075,-0.196
2023-05-09,5.06,5.15,-9.000000000000075,-0.196
2023-05-10,5.06,5.15,-9.000000000000075,-0.196
2023-05-11,5.05,5.15,-10.000000000000053,-0.196
2023-05-12,5.05,5.15,-10.000000000000053,-0.204
2023-05-15,5.06,5.15,-9.000000000000075,-0.204
2023-05-16,5.05,5.15,-10.000000000000053,-0.204
2023-05-17,5.05,5.15,-10.000000000000053,-0.204
2023-05-18,5.05,5.15,-10.000000000000053,-0.204
2023-05-19,5.05,5.15,-10.000000000000053,-0.209
2023-05-22,5.05,5.15,-10.000000000000053,-0.209
2023-05-23,5.05,5.15,-10.000000000000053,-0.209
2023-05-24,5.05,5.15,-10.000000000000053,-0.209
2023-05-25,5.06,5.15,-9.000000000000075,-0.209
2023-05-26,5.06,5.15,-9.000000000000075,-0.211
2023-05-30,5.06,5.15,-9.000000000000075,-0.211
2023-05-31,5.08,5.15,-7.000000000000028,-0.211
2023-06-01,5.08,5.15,-7.000000000000028,-0.211
2023-06-02,5.07,5.15,-8.000000000000007,-0.214
2023-06-05,5.06,5.15,-9.000000000000075,-0.214
2023-06-06,5.05,5.15,-10.000000000000053,-0.214
2023-06-07,5.05,5.15,-10.000000000000053,-0.214
2023-06-08,5.05,5.15,-10.000000000000053,-0.214
2023-06-09,5.05,5.15,-10.000000000000053,-0.215
2023-06-12,5.05,5.15,-10.000000000000053,-0.215
2023-06-13,5.05,5.15,-10.000000000000053,-0.215
2023-06-14,5.05,5.15,-10.000000000000053,-0.215
2023-06-15,5.06,5.15,-9.000000000000075,-0.215
2023-06-16,5.05,5.15,-10.000000000000053,-0.217
2023-06-20,5.05,5.15,-10.000000000000053,-0.217
2023-06-21,5.05,5.15,-10.000000000000053,-0.217
2023-06-22,5.05,5.15,-10.000000000000053,-0.217
2023-06-23,5.05,5.15,-10.000000000000053,-0.221
2023-06-26,5.05,5.15,-10.000000000000053,-0.221
2023-06-27,5.05,5.15,-10.000000000000053,-0.221
2023-06-28,5.06,5.15,-9.000000000000075,-0.221
2023-06-29,5.06,5.15,-9.000000000000075,-0.221
2023-06-30,5.09,5.15,-6.00000000000005,-0.227
2023-07-03,5.06,5.15,-9.000000000000075,-0.227
2023-07-05,5.06,5.15,-9.000000000000075,-0.227
2023-07-06,5.06,5.15,-9.000000000000075,-0.227
2023-07-07,5.06,5.15,-9.000000000000075,-0.236
2023-07-10,5.06,5.15,-9.000000000000075,-0.236
2023-07-11,5.06,5.15,-9.000000000000075,-0.236
2023-07-12,5.05,5.15,-10.000000000000053,-0.236
2023-07-13,5.06,5.15,-9.000000000000075,-0.236
2023-07-14,5.05,5.15,-10.000000000000053,-0.249
2023-07-17,5.06,5.15,-9.000000000000075,-0.249
2023-07-18,5.06,5.15,-9.000000000000075,-0.249
2023-07-19,5.05,5.15,-10.000000000000053,-0.249
2023-07-20,5.06,5.15,-9.000000000000075,-0.249
2023-07-21,5.05,5.15,-10.000000000000053,-0.264
2023-07-24,5.05,5.15,-10.000000000000053,-0.264
2023-07-25,5.06,5.15,-9.000000000000075,-0.264
2023-07-26,5.06,5.15,-9.000000000000075,-0.264
2023-07-27,5.31,5.4,-9.000000000000075,-0.264
2023-07-28,5.3,5.4,-10.000000000000053,-0.28
2023-07-31,5.31,5.4,-9.000000000000075,-0.28
2023-08-01,5.31,5.4,-9.000000000000075,-0.28
2023-08-02,5.3,5.4,-10.000000000000053,-0.28
2023-08-03,5.3,5.4,-10.000000000000053,-0.28
2023-08-04,5.3,5.4,-10.000000000000053,-0.297
2023-08-07,5.3,5.4,-10.000000000000053,-0.297
2023-08-08,5.3,5.4,-10.000000000000053,-0.297
2023-08-09,5.3,5.4,-10.000000000000053,-0.297
2023-08-10,5.3,5.4,-10.000000000000053,-0.297
2023-08-11,5.3,5.4,-10.000000000000053,-0.312
2023-08-14,5.3,5.4,-10.000000000000053,-0.312
2023-08-15,5.3,5.4,-10.000000000000053,-0.312
2023-08-16,5.3,5.4,-10.000000000000053,-0.312
2023-08-17,5.3,5.4,-10.000000000000053,-0.312
2023-08-18,5.3,5.4,-10.000000000000053,-0.325
2023-08-21,5.3,5.4,-10.000000000000053,-0.325
2023-08-22,5.3,5.4,-10.000000000000053,-0.325
2023-08-23,5.3,5.4,-10.000000000000053,-0.325
2023-08-24,5.3,5.4,-10.000000000000053,-0.325
2023-08-25,5.3,5.4,-10.000000000000053,-0.333
2023-08-28,5.3,5.4,-10.000000000000053,-0.333
2023-08-29,5.3,5.4,-10.000000000000053,-0.333
2023-08-30,5.3,5.4,-10.000000000000053,-0.333
2023-08-31,5.31,5.4,-9.000000000000075,-0.333
2023-09-01,5.31,5.4,-9.000000000000075,-0.338
2023-09-05,5.31,5.4,-9.000000000000075,-0.338
2023-09-06,5.3,5.4,-10.000000000000053,-0.338
2023-09-07,5.31,5.4,-9.000000000000075,-0.338
2023-09-08,5.3,5.4,-10.000000000000053,-0.337
2023-09-11,5.3,5.4,-10.000000000000053,-0.337
2023-09-12,5.3,5.4,-10.000000000000053,-0.337
2023-09-13,5.3,5.4,-10.000000000000053,-0.337
2023-09-14,5.3,5.4,-10.000000000000053,-0.337
2023-09-15,5.31,5.4,-9.000000000000075,-0.332
2023-09-18,5.31,5.4,-9.000000000000075,-0.332
2023-09-19,5.31,5.4,-9.000000000000075,-0.332
2023-09-20,5.3,5.4,-10.000000000000053,-0.332
2023-09-21,5.3,5.4,-10.000000000000053,-0.332
2023-09-22,5.3,5.4,-10.000000000000053,-0.323
2023-09-25,5.31,5.4,-9.000000000000075,-0.323
2023-09-26,5.31,5.4,-9.000000000000075,-0.323
2023-09-27,5.32,5.4,-8.000000000000007,-0.323
2023-09-28,5.31,5.4,-9.000000000000075,-0.323
2023-09-29,5.31,5.4,-9.000000000000075,-0.31
2023-10-02,5.32,5.4,-8.000000000000007,-0.31
2023-10-03,5.33,5.4,-7.000000000000028,-0.31
2023-10-04,5.32,5.4,-8.000000000000007,-0.31
2023-10-05,5.32,5.4,-8.000000000000007,-0.31
2023-10-06,5.31,5.4,-9.000000000000075,-0.299
2023-10-10,5.31,5.4,-9.000000000000075,-0.299
2023-10-11,5.31,5.4,-9.000000000000075,-0.299
2023-10-12,5.31,5.4,-9.000000000000075,-0.299
2023-10-13,5.31,5.4,-9.000000000000075,-0.289
2023-10-16,5.31,5.4,-9.000000000000075,-0.289
2023-10-17,5.31,5.4,-9.000000000000075,-0.289
2023-10-18,5.3,5.4,-10.000000000000053,-0.289
2023-10-19,5.3,5.4,-10.000000000000053,-0.289
2023-10-20,5.3,5.4,-10.000000000000053,-0.283
2023-10-23,5.3,5.4,-10.000000000000053,-0.283
2023-10-24,5.3,5.4,-10.000000000000053,-0.283
2023-10-25,5.3,5.4,-10.000000000000053,-0.283
2023-10-26,5.31,5.4,-9.000000000000075,-0.283
2023-10-27,5.31,5.4,-9.000000000000075,-0.283
2023-10-30,5.31,5.4,-9.000000000000075,-0.283
2023-10-31,5.35,5.4,-5.000000000000071,-0.283
2023-11-01,5.32,5.4,-8.000000000000007,-0.283
2023-11-02,5.33,5.4,-7.000000000000028,-0.283
2023-11-03,5.32,5.4,-8.000000000000007,-0.288
2023-11-06,5.32,5.4,-8.000000000000007,-0.288
2023-11-07,5.32,5.4,-8.000000000000007,-0.288
2023-11-08,5.32,5.4,-8.000000000000007,-0.288
2023-11-09,5.32,5.4,-8.000000000000007,-0.288
2023-11-10,5.32,5.4,-8.000000000000007,-0.297
2023-11-13,5.32,5.4,-8.000000000000007,-0.297
2023-11-14,5.32,5.4,-8.000000000000007,-0.297
2023-11-15,5.32,5.4,-8.000000000000007,-0.297
2023-11-16,5.32,5.4,-8.000000000000007,-0.297
2023-11-17,5.32,5.4,-8.000000000000007,-0.308
2023-11-20,5.31,5.4,-9.000000000000075,-0.308
2023-11-21,5.31,5.4,-9.000000000000075,-0.308
2023-11-22,5.31,5.4,-9.000000000000075,-0.308
2023-11-24,5.32,5.4,-8.000000000000007,-0.32
2023-11-27,5.32,5.4,-8.000000000000007,-0.32
2023-11-28,5.32,5.4,-8.000000000000007,-0.32
2023-11-29,5.31,5.4,-9.000000000000075,-0.32
2023-11-30,5.33,5.4,-7.000000000000028,-0.32
2023-12-01,5.39,5.4,-1.0000000000000675,-0.331
2023-12-04,5.37,5.4,-3.000000000000025,-0.331
2023-12-05,5.33,5.4,-7.000000000000028,-0.331
2023-12-06,5.32,5.4,-8.000000000000007,-0.331
2023-12-07,5.32,5.4,-8.000000000000007,-0.331
2023-12-08,5.32,5.4,-8.000000000000007,-0.34
2023-12-11,5.32,5.4,-8.000000000000007,-0.34
2023-12-12,5.31,5.4,-9.000000000000075,-0.34
2023-12-13,5.31,5.4,-9.000000000000075,-0.34
2023-12-14,5.31,5.4,-9.000000000000075,-0.34
2023-12-15,5.32,5.4,-8.000000000000007,-0.349
2023-12-18,5.32,5.4,-8.000000000000007,-0.349
2023-12-19,5.31,5.4,-9.000000000000075,-0.349
2023-12-20,5.31,5.4,-9.000000000000075,-0.349
2023-12-21,5.31,5.4,-9.000000000000075,-0.349
2023-12-22,5.32,5.4,-8.000000000000007,-0.358
2023-12-26,5.35,5.4,-5.000000000000071,-0.358
2023-12-27,5.39,5.4,-1.0000000000000675,-0.358
2023-12-28,5.4,5.4,0.0,-0.358
2023-12-29,5.38,5.4,-2.000000000000046,-0.367
2024-01-02,5.4,5.4,0.0,-0.367
2024-01-03,5.39,5.4,-1.0000000000000675,-0.367
2024-01-04,5.32,5.4,-8.000000000000007,-0.367
2024-01-05,5.31,5.4,-9.000000000000075,-0.375
2024-01-08,5.31,5.4,-9.000000000000075,-0.375
2024-01-09,5.31,5.4,-9.000000000000075,-0.375
2024-01-10,5.31,5.4,-9.000000000000075,-0.375
2024-01-11,5.31,5.4,-9.000000000000075,-0.375
2024-01-12,5.31,5.4,-9.000000000000075,-0.383
2024-01-16,5.32,5.4,-8.000000000000007,-0.383
2024-01-17,5.32,5.4,-8.000000000000007,-0.383
2024-01-18,5.31,5.4,-9.000000000000075,-0.383
2024-01-19,5.31,5.4,-9.000000000000075,-0.39
2024-01-22,5.31,5.4,-9.000000000000075,-0.39
2024-01-23,5.31,5.4,-9.000000000000075,-0.39
2024-01-24,5.31,5.4,-9.000000000000075,-0.39
2024-01-25,5.32,5.4,-8.000000000000007,-0.39
2024-01-26,5.32,5.4,-8.000000000000007,-0.396
2024-01-29,5.31,5.4,-9.000000000000075,-0.396
2024-01-30,5.31,5.4,-9.000000000000075,-0.396
2024-01-31,5.32,5.4,-8.000000000000007,-0.396
2024-02-01,5.32,5.4,-8.000000000000007,-0.396
2024-02-02,5.32,5.4,-8.000000000000007,-0.403
2024-02-05,5.31,5.4,-9.000000000000075,-0.403
2024-02-06,5.31,5.4,-9.000000000000075,-0.403
2024-02-07,5.31,5.4,-9.000000000000075,-0.403
2024-02-08,5.31,5.4,-9.000000000000075,-0.403
2024-02-09,5.31,5.4,-9.000000000000075,-0.41
2024-02-12,5.31,5.4,-9.000000000000075,-0.41
2024-02-13,5.31,5.4,-9.000000000000075,-0.41
2024-02-14,5.3,5.4,-10.000000000000053,-0.41
2024-02-15,5.31,5.4,-9.000000000000075,-0.41
2024-02-16,5.3,5.4,-10.000000000000053,-0.419
2024-02-20,5.3,5.4,-10.000000000000053,-0.419
2024-02-21,5.3,5.4,-10.000000000000053,-0.419
2024-02-22,5.3,5.4,-10.000000000000053,-0.419
2024-02-23,5.31,5.4,-9.000000000000075,-0.427
2024-02-26,5.31,5.4,-9.000000000000075,-0.427
2024-02-27,5.31,5.4,-9.000000000000075,-0.427
2024-02-28,5.31,5.4,-9.000000000000075,-0.427
2024-02-29,5.32,5.4,-8.000000000000007,-0.427
2024-03-01,5.31,5.4,-9.000000000000075,-0.434
2024-03-04,5.31,5.4,-9.000000000000075,-0.434
2024-03-05,5.31,5.4,-9.000000000000075,-0.434
2024-03-06,5.31,5.4,-9.000000000000075,-0.434
2024-03-07,5.31,5.4,-9.000000000000075,-0.434
2024-03-08,5.31,5.4,-9.000000000000075,-0.438
2024-03-11,5.31,5.4,-9.000000000000075,-0.438
2024-03-12,5.31,5.4,-9.000000000000075,-0.438
2024-03-13,5.31,5.4,-9.000000000000075,-0.438
2024-03-14,5.31,5.4,-9.000000000000075,-0.438
2024-03-15,5.31,5.4,-9.000000000000075,-0.439
2024-03-18,5.31,5.4,-9.000000000000075,-0.439
2024-03-19,5.31,5.4,-9.000000000000075,-0.439
2024-03-20,5.31,5.4,-9.000000000000075,-0.439
2024-03-21,5.31,5.4,-9.000000000000075,-0.439
2024-03-22,5.31,5.4,-9.000000000000075,-0.437
2024-03-25,5.31,5.4,-9.000000000000075,-0.437
2024-03-26,5.32,5.4,-8.000000000000007,-0.437
2024-03-27,5.33,5.4,-7.000000000000028,-0.437
2024-03-28,5.34,5.4,-6.00000000000005,-0.437
2024-04-01,5.35,5.4,-5.000000000000071,-0.437
2024-04-02,5.34,5.4,-6.00000000000005,-0.437
2024-04-03,5.32,5.4,-8.000000000000007,-0.437
2024-04-04,5.32,5.4,-8.000000000000007,-0.437
2024-04-05,5.32,5.4,-8.000000000000007,-0.427
2024-04-08,5.31,5.4,-9.000000000000075,-0.427
2024-04-09,5.31,5.4,-9.000000000000075,-0.427
2024-04-10,5.31,5.4,-9.000000000000075,-0.427
2024-04-11,5.31,5.4,-9.000000000000075,-0.427
2024-04-12,5.31,5.4,-9.000000000000075,-0.421
2024-04-15,5.32,5.4,-8.000000000000007,-0.421
2024-04-16,5.31,5.4,-9.000000000000075,-0.421
2024-04-17,5.31,5.4,-9.000000000000075,-0.421
2024-04-18,5.3,5.4,-10.000000000000053,-0.421
2024-04-19,5.31,5.4,-9.000000000000075,-0.416
2024-04-22,5.31,5.4,-9.000000000000075,-0.416
2024-04-23,5.31,5.4,-9.000000000000075,-0.416
2024-04-24,5.31,5.4,-9.000000000000075,-0.416
2024-04-25,5.31,5.4,-9.000000000000075,-0.416
2024-04-26,5.32,5.4,-8.000000000000007,-0.414
2024-04-29,5.32,5.4,-8.000000000000007,-0.414
2024-04-30,5.34,5.4,-6.00000000000005,-0.414
2024-05-01,5.32,5.4,-8.000000000000007,-0.414
2024-05-02,5.31,5.4,-9.000000000000075,-0.414
2024-05-03,5.31,5.4,-9.000000000000075,-0.413
2024-05-06,5.31,5.4,-9.000000000000075,-0.413
2024-05-07,5.31,5.4,-9.000000000000075,-0.413
2024-05-08,5.31,5.4,-9.000000000000075,-0.413
2024-05-09,5.31,5.4,-9.000000000000075,-0.413
2024-05-10,5.31,5.4,-9.000000000000075,-0.414
2024-05-13,5.31,5.4,-9.000000000000075,-0.414
2024-05-14,5.31,5.4,-9.000000000000075,-0.414
2024-05-15,5.31,5.4,-9.000000000000075,-0.414
2024-05-16,5.31,5.4,-9.000000000000075,-0.414
2024-05-17,5.31,5.4,-9.000000000000075,-0.414
2024-05-20,5.31,5.4,-9.000000000000075,-0.414
2024-05-21,5.31,5.4,-9.000000000000075,-0.414
2024-05-22,5.31,5.4,-9.000000000000075,-0.414
2024-05-23,5.31,5.4,-9.000000000000075,-0.414
2024-05-24,5.32,5.4,-8.000000000000007,-0.413
2024-05-28,5.32,5.4,-8.000000000000007,-0.413
2024-05-29,5.33,5.4,-7.000000000000028,-0.413
2024-05-30,5.33,5.4,-7.000000000000028,-0.413
2024-05-31,5.34,5.4,-6.00000000000005,-0.409
2024-06-03,5.35,5.4,-5.000000000000071,-0.409
2024-06-04,5.33,5.4,-7.000000000000028,-0.409
2024-06-05,5.33,5.4,-7.000000000000028,-0.409
2024-06-06,5.33,5.4,-7.000000000000028,-0.409
2024-06-07,5.33,5.4,-7.000000000000028,-0.403
2024-06-10,5.32,5.4,-8.000000000000007,-0.403
2024-06-11,5.32,5.4,-8.000000000000007,-0.403
2024-06-12,5.31,5.4,-9.000000000000075,-0.403
2024-06-13,5.31,5.4,-9.000000000000075,-0.403
2024-06-14,5.31,5.4,-9.000000000000075,-0.396
2024-06-17,5.33,5.4,-7.000000000000028,-0.396
2024-06-18,5.33,5.4,-7.000000000000028,-0.396
2024-06-20,5.32,5.4,-8.000000000000007,-0.396
2024-06-21,5.31,5.4,-9.000000000000075,-0.387
2024-06-24,5.31,5.4,-9.000000000000075,-0.387
2024-06-25,5.33,5.4,-7.000000000000028,-0.387
2024-06-26,5.34,5.4,-6.00000000000005,-0.387
2024-06-27,5.34,5.4,-6.00000000000005,-0.387
2024-06-28,5.33,5.4,-7.000000000000028,-0.38
2024-07-01,5.4,5.4,0.0,-0.38
2024-07-02,5.35,5.4,-5.000000000000071,-0.38
2024-07-03,5.33,5.4,-7.000000000000028,-0.38
2024-07-05,5.32,5.4,-8.000000000000007,-0.375
2024-07-08,5.32,5.4,-8.000000000000007,-0.375
2024-07-09,5.34,5.4,-6.00000000000005,-0.375
2024-07-10,5.34,5.4,-6.00000000000005,-0.375
2024-07-11,5.34,5.4,-6.00000000000005,-0.375
2024-07-12,5.34,5.4,-6.00000000000005,-0.369
2024-07-15,5.34,5.4,-6.00000000000005,-0.369
2024-07-16,5.35,5.4,-5.000000000000071,-0.369
2024-07-17,5.35,5.4,-5.000000000000071,-0.369
2024-07-18,5.34,5.4,-6.00000000000005,-0.369
2024-07-19,5.34,5.4,-6.00000000000005,-0.364
2024-07-22,5.33,5.4,-7.000000000000028,-0.364
2024-07-23,5.34,5.4,-6.00000000000005,-0.364
2024-07-24,5.34,5.4,-6.00000000000005,-0.364
2024-07-25,5.35,5.4,-5.000000000000071,-0.364
2024-07-26,5.35,5.4,-5.000000000000071,-0.36
2024-07-29,5.33,5.4,-7.000000000000028,-0.36
2024-07-30,5.33,5.4,-7.000000000000028,-0.36
2024-07-31,5.38,5.4,-2.000000000000046,-0.36
2024-08-01,5.35,5.4,-5.000000000000071,-0.36
2024-08-02,5.35,5.4,-5.000000000000071,-0.359
2024-08-05,5.32,5.4,-8.000000000000007,-0.359
2024-08-06,5.33,5.4,-7.000000000000028,-0.359
2024-08-07,5.33,5.4,-7.000000000000028,-0.359
2024-08-08,5.34,5.4,-6.00000000000005,-0.359
2024-08-09,5.34,5.4,-6.00000000000005,-0.36
2024-08-12,5.34,5.4,-6.00000000000005,-0.36
2024-08-13,5.34,5.4,-6.00000000000005,-0.36
2024-08-14,5.33,5.4,-7.000000000000028,-0.36
2024-08-15,5.35,5.4,-5.000000000000071,-0.36
2024-08-16,5.32,5.4,-8.000000000000007,-0.368
2024-08-19,5.32,5.4,-8.000000000000007,-0.368
2024-08-20,5.32,5.4,-8.000000000000007,-0.368
2024-08-21,5.31,5.4,-9.000000000000075,-0.368
2024-08-22,5.31,5.4,-9.000000000000075,-0.368
2024-08-23,5.33,5.4,-7.000000000000028,-0.379
2024-08-26,5.34,5.4,-6.00000000000005,-0.379
2024-08-27,5.35,5.4,-5.000000000000071,-0.379
2024-08-28,5.35,5.4,-5.000000000000071,-0.379
2024-08-29,5.33,5.4,-7.000000000000028,-0.379
2024-08-30,5.32,5.4,-8.000000000000007,-0.391
2024-09-03,5.34,5.4,-6.00000000000005,-0.391
2024-09-04,5.35,5.4,-5.000000000000071,-0.391
2024-09-05,5.35,5.4,-5.000000000000071,-0.391
2024-09-06,5.34,5.4,-6.00000000000005,-0.402
2024-09-09,5.34,5.4,-6.00000000000005,-0.402
2024-09-10,5.33,5.4,-7.000000000000028,-0.402
2024-09-11,5.32,5.4,-8.000000000000007,-0.402
2024-09-12,5.33,5.4,-7.000000000000028,-0.402
2024-09-13,5.33,5.4,-7.000000000000028,-0.412
2024-09-16,5.38,5.4,-2.000000000000046,-0.412
2024-09-17,5.38,5.4,-2.000000000000046,-0.412
2024-09-18,5.33,5.4,-7.000000000000028,-0.412
2024-09-19,4.82,4.9,-8.000000000000007,-0.412
2024-09-20,4.83,4.9,-7.000000000000028,-0.42
2024-09-23,4.83,4.9,-7.000000000000028,-0.42
2024-09-24,4.84,4.9,-6.00000000000005,-0.42
2024-09-25,4.84,4.9,-6.00000000000005,-0.42
2024-09-26,4.83,4.9,-7.000000000000028,-0.42
2024-09-27,4.84,4.9,-6.00000000000005,-0.427
2024-09-30,4.96,4.9,5.999999999999961,-0.427
2024-10-01,5.05,4.9,14.999999999999947,-0.427
2024-10-02,4.92,4.9,1.9999999999999574,-0.427
2024-10-03,4.85,4.9,-5.000000000000071,-0.427
2024-10-04,4.83,4.9,-7.000000000000028,-0.432
2024-10-07,4.83,4.9,-7.000000000000028,-0.432
2024-10-08,4.84,4.9,-6.00000000000005,-0.432
2024-10-09,4.83,4.9,-7.000000000000028,-0.432
2024-10-10,4.82,4.9,-8.000000000000007,-0.432
2024-10-11,4.81,4.9,-9.000000000000075,-0.435
2024-10-15,4.86,4.9,-4.0000000000000036,-0.435
2024-10-16,4.86,4.9,-4.0000000000000036,-0.435
2024-10-17,4.85,4.9,-5.000000000000071,-0.435
2024-10-18,4.84,4.9,-6.00000000000005,-0.44
2024-10-21,4.82,4.9,-8.000000000000007,-0.44
2024-10-22,4.83,4.9,-7.000000000000028,-0.44
2024-10-23,4.83,4.9,-7.000000000000028,-0.44
2024-10-24,4.83,4.9,-7.000000000000028,-0.44
2024-10-25,4.83,4.9,-7.000000000000028,-0.445
2024-10-28,4.82,4.9,-8.000000000000007,-0.445
2024-10-29,4.82,4.9,-8.000000000000007,-0.445
2024-10-30,4.81,4.9,-9.000000000000075,-0.445
2024-10-31,4.9,4.9,0.0,-0.445
2024-11-01,4.86,4.9,-4.0000000000000036,-0.452
2024-11-04,4.82,4.9,-8.000000000000007,-0.452
2024-11-05,4.82,4.9,-8.000000000000007,-0.452
2024-11-06,4.81,4.9,-9.000000000000075,-0.452
2024-11-07,4.82,4.9,-8.000000000000007,-0.452
2024-11-08,4.6,4.65,-5.000000000000071,-0.46
2024-11-12,4.6,4.65,-5.000000000000071,-0.46
2024-11-13,4.59,4.65,-6.00000000000005,-0.46
2024-11-14,4.58,4.65,-7.000000000000028,-0.46
2024-11-15,4.57,4.65,-8.000000000000007,-0.468
2024-11-18,4.57,4.65,-8.000000000000007,-0.468
2024-11-19,4.57,4.65,-8.000000000000007,-0.468
2024-11-20,4.56,4.65,-9.000000000000075,-0.468
2024-11-21,4.57,4.65,-8.000000000000007,-0.468
2024-11-22,4.57,4.65,-8.000000000000007,-0.473
2024-11-25,4.58,4.65,-7.000000000000028,-0.473
2024-11-26,4.58,4.65,-7.000000000000028,-0.473
2024-11-27,4.57,4.65,-8.000000000000007,-0.473
2024-11-29,4.59,4.65,-6.00000000000005,-0.477
2024-12-02,4.64,4.65,-1.0000000000000675,-0.477
2024-12-03,4.64,4.65,-1.0000000000000675,-0.477
2024-12-04,4.59,4.65,-6.00000000000005,-0.477
2024-12-05,4.59,4.65,-6.00000000000005,-0.477
2024-12-06,4.6,4.65,-5.000000000000071,-0.479
2024-12-09,4.63,4.65,-2.000000000000046,-0.479
2024-12-10,4.64,4.65,-1.0000000000000675,-0.479
2024-12-11,4.62,4.65,-3.000000000000025,-0.479
2024-12-12,4.62,4.65,-3.000000000000025,-0.479
2024-12-13,4.6,4.65,-5.000000000000071,-0.481
2024-12-16,4.65,4.65,0.0,-0.481
2024-12-17,4.62,4.65,-3.000000000000025,-0.481
2024-12-18,4.57,4.65,-8.000000000000007,-0.481
2024-12-19,4.3,4.4,-10.000000000000053,-0.481
2024-12-20,4.3,4.4,-10.000000000000053,-0.482
2024-12-23,4.31,4.4,-9.000000000000075,-0.482
2024-12-24,4.4,4.4,0.0,-0.482
2024-12-26,4.53,4.4,12.99999999999999,-0.482
2024-12-27,4.46,4.4,5.999999999999961,-0.485
2024-12-30,4.37,4.4,-3.000000000000025,-0.485
2024-12-31,4.49,4.4,8.999999999999986,-0.485
2025-01-02,4.4,4.4,0.0,-0.485
2025-01-03,4.31,4.4,-9.000000000000075,-0.49
2025-01-06,4.27,4.4,-13.000000000000078,-0.49
2025-01-07,4.27,4.4,-13.000000000000078,-0.49
2025-01-08,4.29,4.4,-11.000000000000032,-0.49
2025-01-09,4.3,4.4,-10.000000000000053,-0.49
2025-01-10,4.3,4.4,-10.000000000000053,-0.496
2025-01-13,4.29,4.4,-11.000000000000032,-0.496
2025-01-14,4.28,4.4,-12.00000000000001,-0.496
2025-01-15,4.28,4.4,-12.00000000000001,-0.496
2025-01-16,4.29,4.4,-11.000000000000032,-0.496
2025-01-17,4.29,4.4,-11.000000000000032,-0.501
2025-01-21,4.29,4.4,-11.000000000000032,-0.501
2025-01-22,4.3,4.4,-10.000000000000053,-0.501
2025-01-23,4.35,4.4,-5.000000000000071,-0.501
2025-01-24,4.34,4.4,-6.00000000000005,-0.506
2025-01-27,4.34,4.4,-6.00000000000005,-0.506
2025-01-28,4.35,4.4,-5.000000000000071,-0.506
2025-01-29,4.35,4.4,-5.000000000000071,-0.506
2025-01-30,4.36,4.4,-4.0000000000000036,-0.506
2025-01-31,4.38,4.4,-2.000000000000046,-0.509
2025-02-03,4.35,4.4,-5.000000000000071,-0.509
2025-02-04,4.33,4.4,-7.000000000000028,-0.509
2025-02-05,4.33,4.4,-7.000000000000028,-0.509
2025-02-06,4.36,4.4,-4.0000000000000036,-0.509
2025-02-07,4.35,4.4,-5.000000000000071,-0.508
2025-02-10,4.35,4.4,-5.000000000000071,-0.508
2025-02-11,4.34,4.4,-6.00000000000005,-0.508
2025-02-12,4.32,4.4,-8.000000000000007,-0.508
2025-02-13,4.33,4.4,-7.000000000000028,-0.508
2025-02-14,4.33,4.4,-7.000000000000028,-0.503
2025-02-18,4.37,4.4,-3.000000000000025,-0.503
2025-02-19,4.35,4.4,-5.000000000000071,-0.503
2025-02-20,4.33,4.4,-7.000000000000028,-0.503
2025-02-21,4.34,4.4,-6.00000000000005,-0.494
2025-02-24,4.34,4.4,-6.00000000000005,-0.494
2025-02-25,4.33,4.4,-7.000000000000028,-0.494
2025-02-26,4.33,4.4,-7.000000000000028,-0.494
2025-02-27,4.36,4.4,-4.0000000000000036,-0.494
2025-02-28,4.39,4.4,-1.0000000000000675,-0.48
2025-03-03,4.33,4.4,-7.000000000000028,-0.48
2025-03-04,4.33,4.4,-7.000000000000028,-0.48
2025-03-05,4.34,4.4,-6.00000000000005,-0.48
2025-03-06,4.35,4.4,-5.000000000000071,-0.48
2025-03-07,4.34,4.4,-6.00000000000005,-0.463
2025-03-10,4.33,4.4,-7.000000000000028,-0.463
2025-03-11,4.32,4.4,-8.000000000000007,-0.463
2025-03-12,4.31,4.4,-9.000000000000075,-0.463
2025-03-13,4.3,4.4,-10.000000000000053,-0.463
2025-03-14,4.3,4.4,-10.000000000000053,-0.444
2025-03-17,4.32,4.4,-8.000000000000007,-0.444
2025-03-18,4.31,4.4,-9.000000000000075,-0.444
2025-03-19,4.29,4.4,-11.000000000000032,-0.444
2025-03-20,4.29,4.4,-11.000000000000032,-0.444
2025-03-21,4.3,4.4,-10.000000000000053,-0.426
2025-03-24,4.31,4.4,-9.000000000000075,-0.426
2025-03-25,4.33,4.4,-7.000000000000028,-0.426
2025-03-26,4.35,4.4,-5.000000000000071,-0.426
2025-03-27,4.36,4.4,-4.0000000000000036,-0.426
2025-03-28,4.34,4.4,-6.00000000000005,-0.408
2025-03-31,4.41,4.4,0.9999999999999787,-0.408
2025-04-01,4.39,4.4,-1.0000000000000675,-0.408
2025-04-02,4.37,4.4,-3.000000000000025,-0.408
2025-04-03,4.39,4.4,-1.0000000000000675,-0.408
2025-04-04,4.35,4.4,-5.000000000000071,-0.393
2025-04-07,4.33,4.4,-7.000000000000028,-0.393
2025-04-08,4.4,4.4,0.0,-0.393
2025-04-09,4.42,4.4,1.9999999999999574,-0.393
2025-04-10,4.37,4.4,-3.000000000000025,-0.393
2025-04-11,4.33,4.4,-7.000000000000028,-0.382
2025-04-14,4.33,4.4,-7.000000000000028,-0.382
2025-04-15,4.36,4.4,-4.0000000000000036,-0.382
2025-04-16,4.31,4.4,-9.000000000000075,-0.382
2025-04-17,4.32,4.4,-8.000000000000007,-0.382
2025-04-21,4.32,4.4,-8.000000000000007,-0.382
2025-04-22,4.3,4.4,-10.000000000000053,-0.382
2025-04-23,4.28,4.4,-12.00000000000001,-0.382
2025-04-24,4.29,4.4,-11.000000000000032,-0.382
2025-04-25,4.33,4.4,-7.000000000000028,-0.389
2025-04-28,4.36,4.4,-4.0000000000000036,-0.389
2025-04-29,4.36,4.4,-4.0000000000000036,-0.389
2025-04-30,4.41,4.4,0.9999999999999787,-0.389
2025-05-01,4.39,4.4,-1.0000000000000675,-0.389
2025-05-02,4.36,4.4,-4.0000000000000036,-0.403
2025-05-05,4.33,4.4,-7.000000000000028,-0.403
2025-05-06,4.32,4.4,-8.000000000000007,-0.403
2025-05-07,4.3,4.4,-10.000000000000053,-0.403
2025-05-08,4.29,4.4,-11.000000000000032,-0.403
2025-05-09,4.28,4.4,-12.00000000000001,-0.42
2025-05-12,4.28,4.4,-12.00000000000001,-0.42
2025-05-13,4.3,4.4,-10.000000000000053,-0.42
2025-05-14,4.29,4.4,-11.000000000000032,-0.42
2025-05-15,4.31,4.4,-9.000000000000075,-0.42
2025-05-16,4.3,4.4,-10.000000000000053,-0.438
2025-05-19,4.29,4.4,-11.000000000000032,-0.438
2025-05-20,4.27,4.4,-13.000000000000078,-0.438
2025-05-21,4.26,4.4,-14.000000000000057,-0.438
2025-05-22,4.26,4.4,-14.000000000000057,-0.438
2025-05-23,4.26,4.4,-14.000000000000057,-0.454
2025-05-27,4.31,4.4,-9.000000000000075,-0.454
2025-05-28,4.33,4.4,-7.000000000000028,-0.454
2025-05-29,4.33,4.4,-7.000000000000028,-0.454
2025-05-30,4.35,4.4,-5.000000000000071,-0.466
2025-06-02,4.35,4.4,-5.000000000000071,-0.466
2025-06-03,4.32,4.4,-8.000000000000007,-0.466
2025-06-04,4.28,4.4,-12.00000000000001,-0.466
2025-06-05,4.29,4.4,-11.000000000000032,-0.466
2025-06-06,4.29,4.4,-11.000000000000032,-0.475
2025-06-09,4.29,4.4,-11.000000000000032,-0.475
2025-06-10,4.28,4.4,-12.00000000000001,-0.475
2025-06-11,4.28,4.4,-12.00000000000001,-0.475
2025-06-12,4.28,4.4,-12.00000000000001,-0.475
2025-06-13,4.28,4.4,-12.00000000000001,-0.483
2025-06-16,4.32,4.4,-8.000000000000007,-0.483
2025-06-17,4.31,4.4,-9.000000000000075,-0.483
2025-06-18,4.28,4.4,-12.00000000000001,-0.483
2025-06-20,4.29,4.4,-11.000000000000032,-0.49
2025-06-23,4.29,4.4,-11.000000000000032,-0.49
2025-06-24,4.3,4.4,-10.000000000000053,-0.49
2025-06-25,4.36,4.4,-4.0000000000000036,-0.49
2025-06-26,4.4,4.4,0.0,-0.49
2025-06-27,4.39,4.4,-1.0000000000000675,-0.496
2025-06-30,4.45,4.4,4.999999999999982,-0.496
2025-07-01,4.44,4.4,4.0000000000000036,-0.496
2025-07-02,4.4,4.4,0.0,-0.496
2025-07-03,4.35,4.4,-5.000000000000071,-0.496
2025-07-07,4.33,4.4,-7.000000000000028,-0.496
2025-07-08,4.34,4.4,-6.00000000000005,-0.496
2025-07-09,4.32,4.4,-8.000000000000007,-0.496
2025-07-10,4.31,4.4,-9.000000000000075,-0.496
2025-07-11,4.31,4.4,-9.000000000000075,-0.51
2025-07-14,4.33,4.4,-7.000000000000028,-0.51
2025-07-15,4.37,4.4,-3.000000000000025,-0.51
2025-07-16,4.34,4.4,-6.00000000000005,-0.51
2025-07-17,4.34,4.4,-6.00000000000005,-0.51
2025-07-18,4.3,4.4,-10.000000000000053,-0.514
2025-07-21,4.28,4.4,-12.00000000000001,-0.514
2025-07-22,4.28,4.4,-12.00000000000001,-0.514
2025-07-23,4.28,4.4,-12.00000000000001,-0.514
2025-07-24,4.3,4.4,-10.000000000000053,-0.514
2025-07-25,4.36,4.4,-4.0000000000000036,-0.519
2025-07-28,4.36,4.4,-4.0000000000000036,-0.519
2025-07-29,4.36,4.4,-4.0000000000000036,-0.519
2025-07-30,4.32,4.4,-8.000000000000007,-0.519
2025-07-31,4.39,4.4,-1.0000000000000675,-0.519
2025-08-01,4.34,4.4,-6.00000000000005,-0.521
2025-08-04,4.33,4.4,-7.000000000000028,-0.521
2025-08-05,4.34,4.4,-6.00000000000005,-0.521
2025-08-06,4.34,4.4,-6.00000000000005,-0.521
2025-08-07,4.35,4.4,-5.000000000000071,-0.521
2025-08-08,4.35,4.4,-5.000000000000071,-0.523
2025-08-11,4.34,4.4,-6.00000000000005,-0.523
2025-08-12,4.36,4.4,-4.0000000000000036,-0.523
2025-08-13,4.33,4.4,-7.000000000000028,-0.523
2025-08-14,4.34,4.4,-6.00000000000005,-0.523
2025-08-15,4.36,4.4,-4.0000000000000036,-0.526
2025-08-18,4.34,4.4,-6.00000000000005,-0.526
2025-08-19,4.33,4.4,-7.000000000000028,-0.526
2025-08-20,4.31,4.4,-9.000000000000075,-0.526
2025-08-21,4.32,4.4,-8.000000000000007,-0.526
2025-08-22,4.36,4.4,-4.0000000000000036,-0.527
2025-08-25,4.37,4.4,-3.000000000000025,-0.527
2025-08-26,4.38,4.4,-2.000000000000046,-0.527
2025-08-27,4.36,4.4,-4.0000000000000036,-0.527
2025-08-28,4.34,4.4,-6.00000000000005,-0.527
2025-08-29,4.34,4.4,-6.00000000000005,-0.528
2025-09-02,4.39,4.4,-1.0000000000000675,-0.528
2025-09-03,4.39,4.4,-1.0000000000000675,-0.528
2025-09-04,4.41,4.4,0.9999999999999787,-0.528
2025-09-05,4.42,4.4,1.9999999999999574,-0.528
2025-09-08,4.4,4.4,0.0,-0.528
2025-09-09,4.4,4.4,0.0,-0.528
2025-09-10,4.39,4.4,-1.0000000000000675,-0.528
2025-09-11,4.41,4.4,0.9999999999999787,-0.528
2025-09-12,4.42,4.4,1.9999999999999574,-0.528
2025-09-15,4.51,4.4,10.999999999999943,-0.528
2025-09-16,4.39,4.4,-1.0000000000000675,-0.528
2025-09-17,4.38,4.4,-2.000000000000046,-0.528
2025-09-18,4.14,4.15,-1.0000000000000675,-0.528
2025-09-19,4.14,4.15,-1.0000000000000675,-0.527
2025-09-22,4.14,4.15,-1.0000000000000675,-0.527
2025-09-23,4.12,4.15,-3.000000000000025,-0.527
2025-09-24,4.13,4.15,-2.000000000000046,-0.527
2025-09-25,4.18,4.15,2.999999999999936,-0.527
2025-09-26,4.16,4.15,0.9999999999999787,-0.527
2025-09-29,4.13,4.15,-2.000000000000046,-0.527
2025-09-30,4.24,4.15,8.999999999999986,-0.527
2025-10-01,4.2,4.15,4.999999999999982,-0.527
2025-10-02,4.2,4.15,4.999999999999982,-0.527
2025-10-03,4.18,4.15,2.999999999999936,-0.526
2025-10-06,4.15,4.15,0.0,-0.526
2025-10-07,4.14,4.15,-1.0000000000000675,-0.526
2025-10-08,4.12,4.15,-3.000000000000025,-0.526
2025-10-09,4.13,4.15,-2.000000000000046,-0.526
2025-10-10,4.15,4.15,0.0,-0.524
2025-10-14,4.19,4.15,4.0000000000000036,-0.524
2025-10-15,4.29,4.15,13.999999999999968,-0.524
2025-10-16,4.3,4.15,14.999999999999947,-0.524
2025-10-17,4.18,4.15,2.999999999999936,-0.521
2025-10-20,4.16,4.15,0.9999999999999787,-0.521
2025-10-21,4.23,4.15,8.000000000000007,-0.521
2025-10-22,4.21,4.15,5.999999999999961,-0.521
2025-10-23,4.24,4.15,8.999999999999986,-0.521
2025-10-24,4.24,4.15,8.999999999999986,-0.518
2025-10-27,4.27,4.15,11.999999999999922,-0.518
2025-10-28,4.31,4.15,15.999999999999925,-0.518
2025-10-29,4.27,4.15,11.999999999999922,-0.518
2025-10-30,4.04,3.9,14.000000000000012,-0.518
2025-10-31,4.22,3.9,31.999999999999986,-0.515
2025-11-03,4.13,3.9,23.0,-0.515
2025-11-04,4.0,3.9,10.000000000000009,-0.515
2025-11-05,3.91,3.9,1.000000000000023,-0.515
2025-11-06,3.92,3.9,2.0000000000000018,-0.515
2025-11-07,3.93,3.9,3.000000000000025,-0.511
2025-11-10,3.95,3.9,5.000000000000027,-0.511
2025-11-12,3.98,3.9,8.000000000000007,-0.511
2025-11-13,4.0,3.9,10.000000000000009,-0.511
2025-11-14,3.95,3.9,5.000000000000027,-0.509
2025-11-17,4.0,3.9,10.000000000000009,-0.509
2025-11-18,3.94,3.9,4.0000000000000036,-0.509
2025-11-19,3.91,3.9,1.000000000000023,-0.509
2025-11-20,3.91,3.9,1.000000000000023,-0.509
2025-11-21,3.93,3.9,3.000000000000025,-0.509
2025-11-24,3.96,3.9,6.000000000000005,-0.509
2025-11-25,4.01,3.9,10.999999999999988,-0.509
2025-11-26,4.05,3.9,14.999999999999991,-0.509
2025-11-28,4.12,3.9,22.00000000000002,-0.51
2025-12-01,4.12,3.9,22.00000000000002,-0.51
2025-12-02,4.01,3.9,10.999999999999988,-0.51
2025-12-03,3.95,3.9,5.000000000000027,-0.51
2025-12-04,3.92,3.9,2.0000000000000018,-0.51
2025-12-05,3.93,3.9,3.000000000000025,-0.514
2025-12-08,3.95,3.9,5.000000000000027,-0.514
2025-12-09,3.93,3.9,3.000000000000025,-0.514
2025-12-10,3.9,3.9,0.0,-0.514
2025-12-11,3.66,3.65,1.000000000000023,-0.514
2025-12-12,3.67,3.65,2.0000000000000018,-0.519
2025-12-15,3.75,3.65,10.000000000000009,-0.519
2025-12-16,3.69,3.65,4.0000000000000036,-0.519
2025-12-17,3.69,3.65,4.0000000000000036,-0.519
2025-12-18,3.66,3.65,1.000000000000023,-0.519
2025-12-19,3.66,3.65,1.000000000000023,-0.528
2025-12-22,3.68,3.65,3.000000000000025,-0.528
2025-12-23,3.66,3.65,1.000000000000023,-0.528
2025-12-24,3.66,3.65,1.000000000000023,-0.528
2025-12-26,3.76,3.65,10.999999999999988,-0.54
2025-12-29,3.77,3.65,12.00000000000001,-0.54
2025-12-30,3.71,3.65,6.000000000000005,-0.54
2025-12-31,3.87,3.65,22.00000000000002,-0.54
2026-01-02,3.75,3.65,10.000000000000009,-0.551
2026-01-05,3.7,3.65,5.000000000000027,-0.551
2026-01-06,3.66,3.65,1.000000000000023,-0.551
2026-01-07,3.65,3.65,0.0,-0.551
2026-01-08,3.64,3.65,-0.9999999999999787,-0.551
2026-01-09,3.64,3.65,-0.9999999999999787,-0.563
2026-01-12,3.64,3.65,-0.9999999999999787,-0.563
2026-01-13,3.65,3.65,0.0,-0.563
2026-01-14,3.64,3.65,-0.9999999999999787,-0.563
2026-01-15,3.66,3.65,1.000000000000023,-0.563
2026-01-16,3.65,3.65,0.0,-0.569
2026-01-20,3.64,3.65,-0.9999999999999787,-0.569
2026-01-21,3.63,3.65,-2.0000000000000018,-0.569
2026-01-22,3.64,3.65,-0.9999999999999787,-0.569
2026-01-23,3.65,3.65,0.0,-0.571
2026-01-26,3.66,3.65,1.000000000000023,-0.571
2026-01-27,3.66,3.65,1.000000000000023,-0.571
2026-01-28,3.64,3.65,-0.9999999999999787,-0.571
2026-01-29,3.65,3.65,0.0,-0.571
2026-01-30,3.68,3.65,3.000000000000025,-0.567
2026-02-02,3.69,3.65,4.0000000000000036,-0.567
2026-02-03,3.69,3.65,4.0000000000000036,-0.567
2026-02-04,3.65,3.65,0.0,-0.567
2026-02-05,3.65,3.65,0.0,-0.567
2026-02-06,3.64,3.65,-0.9999999999999787,-0.559
2026-02-09,3.63,3.65,-2.0000000000000018,-0.559
2026-02-10,3.65,3.65,0.0,-0.559
2026-02-11,3.65,3.65,0.0,-0.559
2026-02-12,3.65,3.65,0.0,-0.559
2026-02-13,3.66,3.65,1.000000000000023,-0.545
2026-02-17,3.71,3.65,6.000000000000005,-0.545
2026-02-18,3.73,3.65,8.000000000000007,-0.545
2026-02-19,3.67,3.65,2.0000000000000018,-0.545
2026-02-20,3.66,3.65,1.000000000000023,-0.528
2026-02-23,3.66,3.65,1.000000000000023,-0.528
2026-02-24,3.67,3.65,2.0000000000000018,-0.528
2026-02-25,3.67,3.65,2.0000000000000018,-0.528
2026-02-26,3.67,3.65,2.0000000000000018,-0.528
2026-02-27,3.68,3.65,3.000000000000025,-0.509
2026-03-02,3.71,3.65,6.000000000000005,-0.509
2026-03-03,3.7,3.65,5.000000000000027,-0.509
2026-03-04,3.67,3.65,2.0000000000000018,-0.509
2026-03-05,3.66,3.65,1.000000000000023,-0.509
2026-03-06,3.65,3.65,0.0,-0.49
2026-03-09,3.65,3.65,0.0,-0.49
2026-03-10,3.64,3.65,-0.9999999999999787,-0.49
2026-03-11,3.64,3.65,-0.9999999999999787,-0.49
2026-03-12,3.65,3.65,0.0,-0.49
2026-03-13,3.65,3.65,0.0,-0.474
2026-03-16,3.7,3.65,5.000000000000027,-0.474
2026-03-17,3.65,3.65,0.0,-0.474
2026-03-18,3.62,3.65,-2.9999999999999805,-0.474
2026-03-19,3.62,3.65,-2.9999999999999805,-0.474
2026-03-20,3.62,3.65,-2.9999999999999805,-0.464
2026-03-23,3.62,3.65,-2.9999999999999805,-0.464
2026-03-24,3.63,3.65,-2.0000000000000018,-0.464
2026-03-25,3.64,3.65,-0.9999999999999787,-0.464
2026-03-26,3.65,3.65,0.0,-0.464
2026-03-27,3.63,3.65,-2.0000000000000018,-0.46
2026-03-30,3.63,3.65,-2.0000000000000018,-0.46
2026-03-31,3.68,3.65,3.000000000000025,-0.46
2026-04-01,3.65,3.65,0.0,-0.46
2026-04-02,3.66,3.65,1.000000000000023,-0.46
2026-04-06,3.65,3.65,0.0,-0.46
2026-04-07,3.62,3.65,-2.9999999999999805,-0.46
2026-04-08,3.59,3.65,-6.000000000000005,-0.46
2026-04-09,3.57,3.65,-8.000000000000007,-0.46
2026-04-10,3.61,3.65,-4.0000000000000036,-0.475
2026-04-13,3.63,3.65,-2.0000000000000018,-0.475
2026-04-14,3.66,3.65,1.000000000000023,-0.475
2026-04-15,3.72,3.65,7.000000000000028,-0.475
2026-04-16,3.67,3.65,2.0000000000000018,-0.475
2026-04-17,3.65,3.65,0.0,-0.487
2026-04-20,3.63,3.65,-2.0000000000000018,-0.487
2026-04-21,3.63,3.65,-2.0000000000000018,-0.487
2026-04-22,3.64,3.65,-0.9999999999999787,-0.487
2026-04-23,3.65,3.65,0.0,-0.487
2026-04-24,3.66,3.65,1.000000000000023,-0.497
2026-04-27,3.66,3.65,1.000000000000023,-0.497
2026-04-28,3.64,3.65,-0.9999999999999787,-0.497
2026-04-29,3.63,3.65,-2.0000000000000018,-0.497
2026-04-30,3.66,3.65,1.000000000000023,-0.497
2026-05-01,3.64,3.65,-0.9999999999999787,-0.505
2026-05-04,3.63,3.65,-2.0000000000000018,-0.505
2026-05-05,3.62,3.65,-2.9999999999999805,-0.505
2026-05-06,3.61,3.65,-4.0000000000000036,-0.505
2026-05-07,3.6,3.65,-4.999999999999982,-0.505
2026-05-08,3.6,3.65,-4.999999999999982,-0.509
2026-05-11,3.6,3.65,-4.999999999999982,-0.509
2026-05-12,3.6,3.65,-4.999999999999982,-0.509
2026-05-13,3.59,3.65,-6.000000000000005,-0.509
2026-05-14,3.56,3.65,-8.999999999999986,-0.509
2026-05-15,3.55,3.65,-10.000000000000009,-0.511
2026-05-18,3.53,3.65,-12.00000000000001,-0.511
2026-05-19,3.51,3.65,-14.000000000000012,-0.511
2026-05-20,3.5,3.65,-14.999999999999991,-0.511
2026-05-21,3.51,3.65,-14.000000000000012,-0.511
2026-05-22,3.55,3.65,-10.000000000000009,-0.51
2026-05-26,3.63,3.65,-2.0000000000000018,-0.51
2026-05-27,3.63,3.65,-2.0000000000000018,-0.51
2026-05-28,3.62,3.65,-2.9999999999999805,-0.51
2026-05-29,3.63,3.65,-2.0000000000000018,-0.509
2026-06-01,3.65,3.65,0.0,-0.509
2026-06-02,3.63,3.65,-2.0000000000000018,-0.509
2026-06-03,3.61,3.65,-4.0000000000000036,-0.509
2026-06-04,3.62,3.65,-2.9999999999999805,-0.509
2026-06-05,3.63,3.65,-2.0000000000000018,-0.508
2026-06-08,3.63,3.65,-2.0000000000000018,-0.508
2026-06-09,3.6,3.65,-4.999999999999982,-0.508
2026-06-10,3.59,3.65,-6.000000000000005,-0.508
2026-06-11,3.6,3.65,-4.999999999999982,-0.508
2026-06-12,3.65,3.65,0.0,-0.508
2026-06-15,3.69,3.65,4.0000000000000036,-0.508
2026-06-16,3.63,3.65,-2.0000000000000018,-0.508
2026-06-17,3.63,3.65,-2.0000000000000018,-0.508
2026-06-18,3.62,3.65,-2.9999999999999805,-0.508
2026-06-22,3.61,3.65,-4.0000000000000036,-0.508
2026-06-23,3.62,3.65,-2.9999999999999805,-0.508
2026-06-24,3.62,3.65,-2.9999999999999805,-0.508
2026-06-25,3.64,3.65,-0.9999999999999787,-0.508
2026-06-26,3.62,3.65,-2.9999999999999805,-0.514
2026-06-29,3.62,3.65,-2.9999999999999805,-0.514
2026-06-30,3.68,3.65,3.000000000000025,-0.514
2026-07-01,3.66,3.65,1.000000000000023,-0.514
2026-07-02,3.64,3.65,-0.9999999999999787,-0.514
2026-07-06,3.63,3.65,-2.0000000000000018,-0.514
2026-07-07,3.62,3.65,-2.9999999999999805,-0.514
2026-07-08,3.58,3.65,-6.999999999999984,-0.514
2026-07-09,3.53,3.65,-12.00000000000001,-0.514
2026-07-10,3.55,3.65,-10.000000000000009,-0.526
2026-07-13,3.6,3.65,-4.999999999999982,-0.526
2026-07-14,3.63,3.65,-2.0000000000000018,-0.526
2026-07-15,3.64,3.65,-0.9999999999999787,-0.526
2026-07-16,3.62,3.65,-2.9999999999999805,-0.526
2026-07-17,3.59,3.65,-6.000000000000005,-0.53
2026-07-20,3.57,3.65,-8.000000000000007,-0.53
2026-07-21,3.61,3.65,-4.0000000000000036,-0.53
2026-07-22,3.62,3.65,-2.9999999999999805,-0.53
2026-07-23,3.64,3.65,-0.9999999999999787,-0.53
2026-07-24,3.64,3.65,-0.9999999999999787,-0.536
2026-07-27,3.64,3.65,-0.9999999999999787,-0.536
2026-07-28,3.65,3.65,0.0,-0.536
2026-07-29,3.65,3.65,0.0,-0.536
2026-07-30,3.65,3.65,0.0,-0.536
2026-07-31,3.66,3.65,1.000000000000023,-0.541
2026-08-03,3.65,3.65,0.0,-0.541
2026-08-04,3.66,3.65,1.000000000000023,-0.541
2026-08-05,3.64,3.65,-0.9999999999999787,-0.541
2026-08-06,3.65,3.65,0.0,-0.541
2026-08-07,3.62,3.65,-2.9999999999999805,-0.546
2026-08-10,3.63,3.65,-2.0000000000000018,-0.546
2026-08-11,3.64,3.65,-0.9999999999999787,-0.546
2026-08-12,3.62,3.65,-2.9999999999999805,-0.546
2026-08-13,3.62,3.65,-2.9999999999999805,-0.546
2026-08-14,3.62,3.65,-2.9999999999999805,-0.551
2026-08-17,3.66,3.65,1.000000000000023,-0.551
2026-08-18,3.65,3.65,0.0,-0.551
2026-08-19,3.62,3.65,-2.9999999999999805,-0.551
2026-08-20,3.63,3.65,-2.0000000000000018,-0.551
2026-08-21,3.65,3.65,0.0,-0.555
2026-08-24,3.65,3.65,0.0,-0.555
2026-08-25,3.66,3.65,1.000000000000023,-0.555
2026-08-26,3.64,3.65,-0.9999999999999787,-0.555
2026-08-27,3.64,3.65,-0.9999999999999787,-0.555
2026-08-28,3.65,3.65,0.0,-0.56
2026-08-31,3.68,3.65,3.000000000000025,-0.56
2026-09-01,3.66,3.65,1.000000000000023,-0.56
2026-09-02,3.65,3.65,0.0,-0.56
2026-09-03,3.66,3.65,1.000000000000023,-0.56
2026-09-04,3.65,3.65,0.0,-0.564
2026-09-08,3.64,3.65,-0.9999999999999787,-0.564
2026-09-09,3.64,3.65,-0.9999999999999787,-0.564
2026-09-10,3.62,3.65,-2.9999999999999805,-0.564
